t0_epoch,t0_price,t0_direction,t0_delta_steps,t0_delta_time,t0_speed,t0_up_streak,t0_down_streak,t0_last_digit,t0_delta_change,entry_offset,entry_price,t1,t2,t3,buy_win,sell_win
1774722509,7950.2,DOWN,-1.0,886,-0.001129,0,1,2,-2.0,1,7950.3,7950.2,7950.3,7950.2,0,1
1774722509,7950.2,DOWN,-1.0,886,-0.001129,0,1,2,-2.0,2,7950.2,7950.3,7950.2,7950.3,1,0
1774722509,7950.2,DOWN,-1.0,886,-0.001129,0,1,2,-2.0,3,7950.3,7950.2,7950.3,7950.2,0,1
1774722510,7950.3,UP,1.0,1136,0.000880,1,0,3,2.0,1,7950.2,7950.3,7950.2,7950.3,1,0
1774722510,7950.3,UP,1.0,1136,0.000880,1,0,3,2.0,2,7950.3,7950.2,7950.3,7950.2,0,1
1774722510,7950.3,UP,1.0,1136,0.000880,1,0,3,2.0,3,7950.2,7950.3,7950.2,7950.3,1,0
1774722511,7950.2,DOWN,-1.0,894,-0.001119,0,1,2,-2.0,1,7950.3,7950.2,7950.3,7950.2,0,1
1774722511,7950.2,DOWN,-1.0,894,-0.001119,0,1,2,-2.0,2,7950.2,7950.3,7950.2,7950.3,1,0
1774722511,7950.2,DOWN,-1.0,894,-0.001119,0,1,2,-2.0,3,7950.3,7950.2,7950.3,7950.4,1,0
1774722512,7950.3,UP,1.0,1100,0.000909,1,0,3,2.0,1,7950.2,7950.3,7950.2,7950.3,1,0
1774722512,7950.3,UP,1.0,1100,0.000909,1,0,3,2.0,2,7950.3,7950.2,7950.3,7950.4,1,0
1774722512,7950.3,UP,1.0,1100,0.000909,1,0,3,2.0,3,7950.2,7950.3,7950.4,7950.3,1,0
1774722513,7950.2,DOWN,-1.0,849,-0.001178,0,1,2,-2.0,1,7950.3,7950.2,7950.3,7950.4,1,0
1774722513,7950.2,DOWN,-1.0,849,-0.001178,0,1,2,-2.0,2,7950.2,7950.3,7950.4,7950.3,1,0
1774722513,7950.2,DOWN,-1.0,849,-0.001178,0,1,2,-2.0,3,7950.3,7950.4,7950.3,7950.2,0,1
1774722514,7950.3,UP,1.0,1106,0.000904,1,0,3,2.0,1,7950.2,7950.3,7950.4,7950.3,1,0
1774722514,7950.3,UP,1.0,1106,0.000904,1,0,3,2.0,2,7950.3,7950.4,7950.3,7950.2,0,1
1774722514,7950.3,UP,1.0,1106,0.000904,1,0,3,2.0,3,7950.4,7950.3,7950.2,7950.1,0,1
1774722515,7950.2,DOWN,-1.0,1015,-0.000985,0,1,2,-2.0,1,7950.3,7950.4,7950.3,7950.2,0,1
1774722515,7950.2,DOWN,-1.0,1015,-0.000985,0,1,2,-2.0,2,7950.4,7950.3,7950.2,7950.1,0,1
1774722515,7950.2,DOWN,-1.0,1015,-0.000985,0,1,2,-2.0,3,7950.3,7950.2,7950.1,7950,0,1
1774722516,7950.3,UP,1.0,1028,0.000973,1,0,3,2.0,1,7950.4,7950.3,7950.2,7950.1,0,1
1774722516,7950.3,UP,1.0,1028,0.000973,1,0,3,2.0,2,7950.3,7950.2,7950.1,7950,0,1
1774722516,7950.3,UP,1.0,1028,0.000973,1,0,3,2.0,3,7950.2,7950.1,7950,7949.9,0,1
1774722517,7950.4,UP,1.0,854,0.001171,2,0,4,-0.0,1,7950.3,7950.2,7950.1,7950,0,1
1774722517,7950.4,UP,1.0,854,0.001171,2,0,4,-0.0,2,7950.2,7950.1,7950,7949.9,0,1
1774722517,7950.4,UP,1.0,854,0.001171,2,0,4,-0.0,3,7950.1,7950,7949.9,7949.8,0,1
1774722518,7950.3,DOWN,-1.0,1167,-0.000857,0,1,3,-2.0,1,7950.2,7950.1,7950,7949.9,0,1
1774722518,7950.3,DOWN,-1.0,1167,-0.000857,0,1,3,-2.0,2,7950.1,7950,7949.9,7949.8,0,1
1774722518,7950.3,DOWN,-1.0,1167,-0.000857,0,1,3,-2.0,3,7950,7949.9,7949.8,7949.9,0,1
1774722519,7950.2,DOWN,-1.0,992,-0.001008,0,2,2,-0.0,1,7950.1,7950,7949.9,7949.8,0,1
1774722519,7950.2,DOWN,-1.0,992,-0.001008,0,2,2,-0.0,2,7950,7949.9,7949.8,7949.9,0,1
1774722519,7950.2,DOWN,-1.0,992,-0.001008,0,2,2,-0.0,3,7949.9,7949.8,7949.9,7950,1,0
1774722520,7950.1,DOWN,-1.0,1003,-0.000997,0,3,1,0.0,1,7950,7949.9,7949.8,7949.9,0,1
1774722520,7950.1,DOWN,-1.0,1003,-0.000997,0,3,1,0.0,2,7949.9,7949.8,7949.9,7950,1,0
1774722520,7950.1,DOWN,-1.0,1003,-0.000997,0,3,1,0.0,3,7949.8,7949.9,7950,7950.1,1,0
1774722521,7950,DOWN,-1.0,860,-0.001163,0,4,0,-0.0,1,7949.9,7949.8,7949.9,7950,1,0
1774722521,7950,DOWN,-1.0,860,-0.001163,0,4,0,-0.0,2,7949.8,7949.9,7950,7950.1,1,0
1774722521,7950,DOWN,-1.0,860,-0.001163,0,4,0,-0.0,3,7949.9,7950,7950.1,7950,1,0
1774722522,7949.9,DOWN,-1.0,1177,-0.000850,0,5,9,0.0,1,7949.8,7949.9,7950,7950.1,1,0
1774722522,7949.9,DOWN,-1.0,1177,-0.000850,0,5,9,0.0,2,7949.9,7950,7950.1,7950,1,0
1774722522,7949.9,DOWN,-1.0,1177,-0.000850,0,5,9,0.0,3,7950,7950.1,7950,7950.1,1,0
1774722523,7949.8,DOWN,-1.0,837,-0.001195,0,6,8,0.0,1,7949.9,7950,7950.1,7950,1,0
1774722523,7949.8,DOWN,-1.0,837,-0.001195,0,6,8,0.0,2,7950,7950.1,7950,7950.1,1,0
1774722523,7949.8,DOWN,-1.0,837,-0.001195,0,6,8,0.0,3,7950.1,7950,7950.1,7950.2,1,0
1774722524,7949.9,UP,1.0,1109,0.000902,1,0,9,2.0,1,7950,7950.1,7950,7950.1,1,0
1774722524,7949.9,UP,1.0,1109,0.000902,1,0,9,2.0,2,7950.1,7950,7950.1,7950.2,1,0
1774722524,7949.9,UP,1.0,1109,0.000902,1,0,9,2.0,3,7950,7950.1,7950.2,7950.3,1,0
1774722525,7950,UP,1.0,983,0.001017,2,0,0,0.0,1,7950.1,7950,7950.1,7950.2,1,0
1774722525,7950,UP,1.0,983,0.001017,2,0,0,0.0,2,7950,7950.1,7950.2,7950.3,1,0
1774722525,7950,UP,1.0,983,0.001017,2,0,0,0.0,3,7950.1,7950.2,7950.3,7950.4,1,0
1774722526,7950.1,UP,1.0,1011,0.000989,3,0,1,0.0,1,7950,7950.1,7950.2,7950.3,1,0
1774722526,7950.1,UP,1.0,1011,0.000989,3,0,1,0.0,2,7950.1,7950.2,7950.3,7950.4,1,0
1774722526,7950.1,UP,1.0,1011,0.000989,3,0,1,0.0,3,7950.2,7950.3,7950.4,7950.5,1,0
1774722527,7950,DOWN,-1.0,925,-0.001081,0,1,0,-2.0,1,7950.1,7950.2,7950.3,7950.4,1,0
1774722527,7950,DOWN,-1.0,925,-0.001081,0,1,0,-2.0,2,7950.2,7950.3,7950.4,7950.5,1,0
1774722527,7950,DOWN,-1.0,925,-0.001081,0,1,0,-2.0,3,7950.3,7950.4,7950.5,7950.6,1,0
1774722528,7950.1,UP,1.0,1128,0.000887,1,0,1,2.0,1,7950.2,7950.3,7950.4,7950.5,1,0
1774722528,7950.1,UP,1.0,1128,0.000887,1,0,1,2.0,2,7950.3,7950.4,7950.5,7950.6,1,0
1774722528,7950.1,UP,1.0,1128,0.000887,1,0,1,2.0,3,7950.4,7950.5,7950.6,7950.7,1,0
1774722529,7950.2,UP,1.0,847,0.001181,2,0,2,-0.0,1,7950.3,7950.4,7950.5,7950.6,1,0
1774722529,7950.2,UP,1.0,847,0.001181,2,0,2,-0.0,2,7950.4,7950.5,7950.6,7950.7,1,0
1774722529,7950.2,UP,1.0,847,0.001181,2,0,2,-0.0,3,7950.5,7950.6,7950.7,7950.6,1,0
1774722530,7950.3,UP,1.0,1118,0.000894,3,0,3,0.0,1,7950.4,7950.5,7950.6,7950.7,1,0
1774722530,7950.3,UP,1.0,1118,0.000894,3,0,3,0.0,2,7950.5,7950.6,7950.7,7950.6,1,0
1774722530,7950.3,UP,1.0,1118,0.000894,3,0,3,0.0,3,7950.6,7950.7,7950.6,7950.7,1,0
1774722531,7950.4,UP,1.0,956,0.001046,4,0,4,-0.0,1,7950.5,7950.6,7950.7,7950.6,1,0
1774722531,7950.4,UP,1.0,956,0.001046,4,0,4,-0.0,2,7950.6,7950.7,7950.6,7950.7,1,0
1774722531,7950.4,UP,1.0,956,0.001046,4,0,4,-0.0,3,7950.7,7950.6,7950.7,7950.6,0,1
1774722532,7950.5,UP,1.0,1088,0.000919,5,0,5,0.0,1,7950.6,7950.7,7950.6,7950.7,1,0
1774722532,7950.5,UP,1.0,1088,0.000919,5,0,5,0.0,2,7950.7,7950.6,7950.7,7950.6,0,1
1774722532,7950.5,UP,1.0,1088,0.000919,5,0,5,0.0,3,7950.6,7950.7,7950.6,7950.7,1,0
1774722533,7950.6,UP,1.0,841,0.001189,6,0,6,0.0,1,7950.7,7950.6,7950.7,7950.6,0,1
1774722533,7950.6,UP,1.0,841,0.001189,6,0,6,0.0,2,7950.6,7950.7,7950.6,7950.7,1,0
1774722533,7950.6,UP,1.0,841,0.001189,6,0,6,0.0,3,7950.7,7950.6,7950.7,7950.6,0,1
1774722534,7950.7,UP,1.0,1111,0.000900,7,0,7,-0.0,1,7950.6,7950.7,7950.6,7950.7,1,0
1774722534,7950.7,UP,1.0,1111,0.000900,7,0,7,-0.0,2,7950.7,7950.6,7950.7,7950.6,0,1
1774722534,7950.7,UP,1.0,1111,0.000900,7,0,7,-0.0,3,7950.6,7950.7,7950.6,7950.5,0,1
1774722535,7950.6,DOWN,-1.0,864,-0.001157,0,1,6,-2.0,1,7950.7,7950.6,7950.7,7950.6,0,1
1774722535,7950.6,DOWN,-1.0,864,-0.001157,0,1,6,-2.0,2,7950.6,7950.7,7950.6,7950.5,0,1
1774722535,7950.6,DOWN,-1.0,864,-0.001157,0,1,6,-2.0,3,7950.7,7950.6,7950.5,7950.6,0,1
1774722536,7950.7,UP,1.0,1138,0.000879,1,0,7,2.0,1,7950.6,7950.7,7950.6,7950.5,0,1
1774722536,7950.7,UP,1.0,1138,0.000879,1,0,7,2.0,2,7950.7,7950.6,7950.5,7950.6,0,1
1774722536,7950.7,UP,1.0,1138,0.000879,1,0,7,2.0,3,7950.6,7950.5,7950.6,7950.7,1,0
1774722537,7950.6,DOWN,-1.0,973,-0.001028,0,1,6,-2.0,1,7950.7,7950.6,7950.5,7950.6,0,1
1774722537,7950.6,DOWN,-1.0,973,-0.001028,0,1,6,-2.0,2,7950.6,7950.5,7950.6,7950.7,1,0
1774722537,7950.6,DOWN,-1.0,973,-0.001028,0,1,6,-2.0,3,7950.5,7950.6,7950.7,7950.6,1,0
1774722538,7950.7,UP,1.0,944,0.001059,1,0,7,2.0,1,7950.6,7950.5,7950.6,7950.7,1,0
1774722538,7950.7,UP,1.0,944,0.001059,1,0,7,2.0,2,7950.5,7950.6,7950.7,7950.6,1,0
1774722538,7950.7,UP,1.0,944,0.001059,1,0,7,2.0,3,7950.6,7950.7,7950.6,7950.7,1,0
1774722539,7950.6,DOWN,-1.0,963,-0.001038,0,1,6,-2.0,1,7950.5,7950.6,7950.7,7950.6,1,0
1774722539,7950.6,DOWN,-1.0,963,-0.001038,0,1,6,-2.0,2,7950.6,7950.7,7950.6,7950.7,1,0
1774722539,7950.6,DOWN,-1.0,963,-0.001038,0,1,6,-2.0,3,7950.7,7950.6,7950.7,7950.8,1,0
1774722540,7950.5,DOWN,-1.0,1102,-0.000907,0,2,5,-0.0,1,7950.6,7950.7,7950.6,7950.7,1,0
1774722540,7950.5,DOWN,-1.0,1102,-0.000907,0,2,5,-0.0,2,7950.7,7950.6,7950.7,7950.8,1,0
1774722540,7950.5,DOWN,-1.0,1102,-0.000907,0,2,5,-0.0,3,7950.6,7950.7,7950.8,7950.7,1,0
1774722541,7950.6,UP,1.0,1009,0.000991,1,0,6,2.0,1,7950.7,7950.6,7950.7,7950.8,1,0
1774722541,7950.6,UP,1.0,1009,0.000991,1,0,6,2.0,2,7950.6,7950.7,7950.8,7950.7,1,0
1774722541,7950.6,UP,1.0,1009,0.000991,1,0,6,2.0,3,7950.7,7950.8,7950.7,7950.6,0,1
1774722542,7950.7,UP,1.0,936,0.001068,2,0,7,-0.0,1,7950.6,7950.7,7950.8,7950.7,1,0
1774722542,7950.7,UP,1.0,936,0.001068,2,0,7,-0.0,2,7950.7,7950.8,7950.7,7950.6,0,1
1774722542,7950.7,UP,1.0,936,0.001068,2,0,7,-0.0,3,7950.8,7950.7,7950.6,7950.5,0,1
1774722543,7950.6,DOWN,-1.0,1037,-0.000964,0,1,6,-2.0,1,7950.7,7950.8,7950.7,7950.6,0,1
1774722543,7950.6,DOWN,-1.0,1037,-0.000964,0,1,6,-2.0,2,7950.8,7950.7,7950.6,7950.5,0,1
1774722543,7950.6,DOWN,-1.0,1037,-0.000964,0,1,6,-2.0,3,7950.7,7950.6,7950.5,7950.4,0,1
1774722544,7950.7,UP,1.0,1059,0.000944,1,0,7,2.0,1,7950.8,7950.7,7950.6,7950.5,0,1
1774722544,7950.7,UP,1.0,1059,0.000944,1,0,7,2.0,2,7950.7,7950.6,7950.5,7950.4,0,1
1774722544,7950.7,UP,1.0,1059,0.000944,1,0,7,2.0,3,7950.6,7950.5,7950.4,7950.5,0,1
1774722545,7950.8,UP,1.0,853,0.001172,2,0,8,0.0,1,7950.7,7950.6,7950.5,7950.4,0,1
1774722545,7950.8,UP,1.0,853,0.001172,2,0,8,0.0,2,7950.6,7950.5,7950.4,7950.5,0,1
1774722545,7950.8,UP,1.0,853,0.001172,2,0,8,0.0,3,7950.5,7950.4,7950.5,7950.4,0,1
1774722546,7950.7,DOWN,-1.0,1053,-0.000950,0,1,7,-2.0,1,7950.6,7950.5,7950.4,7950.5,0,1
1774722546,7950.7,DOWN,-1.0,1053,-0.000950,0,1,7,-2.0,2,7950.5,7950.4,7950.5,7950.4,0,1
1774722546,7950.7,DOWN,-1.0,1053,-0.000950,0,1,7,-2.0,3,7950.4,7950.5,7950.4,7950.3,0,1
1774722547,7950.6,DOWN,-1.0,947,-0.001056,0,2,6,0.0,1,7950.5,7950.4,7950.5,7950.4,0,1
1774722547,7950.6,DOWN,-1.0,947,-0.001056,0,2,6,0.0,2,7950.4,7950.5,7950.4,7950.3,0,1
1774722547,7950.6,DOWN,-1.0,947,-0.001056,0,2,6,0.0,3,7950.5,7950.4,7950.3,7950.2,0,1
1774722548,7950.5,DOWN,-1.0,1112,-0.000899,0,3,5,-0.0,1,7950.4,7950.5,7950.4,7950.3,0,1
1774722548,7950.5,DOWN,-1.0,1112,-0.000899,0,3,5,-0.0,2,7950.5,7950.4,7950.3,7950.2,0,1
1774722548,7950.5,DOWN,-1.0,1112,-0.000899,0,3,5,-0.0,3,7950.4,7950.3,7950.2,7950.3,0,1
1774722549,7950.4,DOWN,-1.0,856,-0.001168,0,4,4,0.0,1,7950.5,7950.4,7950.3,7950.2,0,1
1774722549,7950.4,DOWN,-1.0,856,-0.001168,0,4,4,0.0,2,7950.4,7950.3,7950.2,7950.3,0,1
1774722549,7950.4,DOWN,-1.0,856,-0.001168,0,4,4,0.0,3,7950.3,7950.2,7950.3,7950.4,1,0
1774722550,7950.5,UP,1.0,1063,0.000941,1,0,5,2.0,1,7950.4,7950.3,7950.2,7950.3,0,1
1774722550,7950.5,UP,1.0,1063,0.000941,1,0,5,2.0,2,7950.3,7950.2,7950.3,7950.4,1,0
1774722550,7950.5,UP,1.0,1063,0.000941,1,0,5,2.0,3,7950.2,7950.3,7950.4,7950.5,1,0
1774722551,7950.4,DOWN,-1.0,1064,-0.000940,0,1,4,-2.0,1,7950.3,7950.2,7950.3,7950.4,1,0
1774722551,7950.4,DOWN,-1.0,1064,-0.000940,0,1,4,-2.0,2,7950.2,7950.3,7950.4,7950.5,1,0
1774722551,7950.4,DOWN,-1.0,1064,-0.000940,0,1,4,-2.0,3,7950.3,7950.4,7950.5,7950.4,1,0
1774722552,7950.3,DOWN,-1.0,946,-0.001057,0,2,3,0.0,1,7950.2,7950.3,7950.4,7950.5,1,0
1774722552,7950.3,DOWN,-1.0,946,-0.001057,0,2,3,0.0,2,7950.3,7950.4,7950.5,7950.4,1,0
1774722552,7950.3,DOWN,-1.0,946,-0.001057,0,2,3,0.0,3,7950.4,7950.5,7950.4,7950.5,1,0
1774722553,7950.2,DOWN,-1.0,954,-0.001048,0,3,2,-0.0,1,7950.3,7950.4,7950.5,7950.4,1,0
1774722553,7950.2,DOWN,-1.0,954,-0.001048,0,3,2,-0.0,2,7950.4,7950.5,7950.4,7950.5,1,0
1774722553,7950.2,DOWN,-1.0,954,-0.001048,0,3,2,-0.0,3,7950.5,7950.4,7950.5,7950.6,1,0
1774722554,7950.3,UP,1.0,1144,0.000874,1,0,3,2.0,1,7950.4,7950.5,7950.4,7950.5,1,0
1774722554,7950.3,UP,1.0,1144,0.000874,1,0,3,2.0,2,7950.5,7950.4,7950.5,7950.6,1,0
1774722554,7950.3,UP,1.0,1144,0.000874,1,0,3,2.0,3,7950.4,7950.5,7950.6,7950.5,1,0
1774722555,7950.4,UP,1.0,817,0.001224,2,0,4,-0.0,1,7950.5,7950.4,7950.5,7950.6,1,0
1774722555,7950.4,UP,1.0,817,0.001224,2,0,4,-0.0,2,7950.4,7950.5,7950.6,7950.5,1,0
1774722555,7950.4,UP,1.0,817,0.001224,2,0,4,-0.0,3,7950.5,7950.6,7950.5,7950.6,1,0
1774722556,7950.5,UP,1.0,1091,0.000917,3,0,5,0.0,1,7950.4,7950.5,7950.6,7950.5,1,0
1774722556,7950.5,UP,1.0,1091,0.000917,3,0,5,0.0,2,7950.5,7950.6,7950.5,7950.6,1,0
1774722556,7950.5,UP,1.0,1091,0.000917,3,0,5,0.0,3,7950.6,7950.5,7950.6,7950.7,1,0
1774722557,7950.4,DOWN,-1.0,951,-0.001052,0,1,4,-2.0,1,7950.5,7950.6,7950.5,7950.6,1,0
1774722557,7950.4,DOWN,-1.0,951,-0.001052,0,1,4,-2.0,2,7950.6,7950.5,7950.6,7950.7,1,0
1774722557,7950.4,DOWN,-1.0,951,-0.001052,0,1,4,-2.0,3,7950.5,7950.6,7950.7,7950.8,1,0
1774722558,7950.5,UP,1.0,1060,0.000943,1,0,5,2.0,1,7950.6,7950.5,7950.6,7950.7,1,0
1774722558,7950.5,UP,1.0,1060,0.000943,1,0,5,2.0,2,7950.5,7950.6,7950.7,7950.8,1,0
1774722558,7950.5,UP,1.0,1060,0.000943,1,0,5,2.0,3,7950.6,7950.7,7950.8,7950.7,1,0
1774722559,7950.6,UP,1.0,925,0.001081,2,0,6,0.0,1,7950.5,7950.6,7950.7,7950.8,1,0
1774722559,7950.6,UP,1.0,925,0.001081,2,0,6,0.0,2,7950.6,7950.7,7950.8,7950.7,1,0
1774722559,7950.6,UP,1.0,925,0.001081,2,0,6,0.0,3,7950.7,7950.8,7950.7,7950.8,1,0
1774722560,7950.5,DOWN,-1.0,1067,-0.000937,0,1,5,-2.0,1,7950.6,7950.7,7950.8,7950.7,1,0
1774722560,7950.5,DOWN,-1.0,1067,-0.000937,0,1,5,-2.0,2,7950.7,7950.8,7950.7,7950.8,1,0
1774722560,7950.5,DOWN,-1.0,1067,-0.000937,0,1,5,-2.0,3,7950.8,7950.7,7950.8,7950.7,0,1
1774722561,7950.6,UP,1.0,971,0.001030,1,0,6,2.0,1,7950.7,7950.8,7950.7,7950.8,1,0
1774722561,7950.6,UP,1.0,971,0.001030,1,0,6,2.0,2,7950.8,7950.7,7950.8,7950.7,0,1
1774722561,7950.6,UP,1.0,971,0.001030,1,0,6,2.0,3,7950.7,7950.8,7950.7,7950.6,0,1
1774722562,7950.7,UP,1.0,1019,0.000981,2,0,7,-0.0,1,7950.8,7950.7,7950.8,7950.7,0,1
1774722562,7950.7,UP,1.0,1019,0.000981,2,0,7,-0.0,2,7950.7,7950.8,7950.7,7950.6,0,1
1774722562,7950.7,UP,1.0,1019,0.000981,2,0,7,-0.0,3,7950.8,7950.7,7950.6,7950.5,0,1
1774722563,7950.8,UP,1.0,1027,0.000974,3,0,8,0.0,1,7950.7,7950.8,7950.7,7950.6,0,1
1774722563,7950.8,UP,1.0,1027,0.000974,3,0,8,0.0,2,7950.8,7950.7,7950.6,7950.5,0,1
1774722563,7950.8,UP,1.0,1027,0.000974,3,0,8,0.0,3,7950.7,7950.6,7950.5,7950.4,0,1
1774722564,7950.7,DOWN,-1.0,1044,-0.000958,0,1,7,-2.0,1,7950.8,7950.7,7950.6,7950.5,0,1
1774722564,7950.7,DOWN,-1.0,1044,-0.000958,0,1,7,-2.0,2,7950.7,7950.6,7950.5,7950.4,0,1
1774722564,7950.7,DOWN,-1.0,1044,-0.000958,0,1,7,-2.0,3,7950.6,7950.5,7950.4,7950.3,0,1
1774722565,7950.8,UP,1.0,990,0.001010,1,0,8,2.0,1,7950.7,7950.6,7950.5,7950.4,0,1
1774722565,7950.8,UP,1.0,990,0.001010,1,0,8,2.0,2,7950.6,7950.5,7950.4,7950.3,0,1
1774722565,7950.8,UP,1.0,990,0.001010,1,0,8,2.0,3,7950.5,7950.4,7950.3,7950.4,0,1
1774722566,7950.7,DOWN,-1.0,1055,-0.000948,0,1,7,-2.0,1,7950.6,7950.5,7950.4,7950.3,0,1
1774722566,7950.7,DOWN,-1.0,1055,-0.000948,0,1,7,-2.0,2,7950.5,7950.4,7950.3,7950.4,0,1
1774722566,7950.7,DOWN,-1.0,1055,-0.000948,0,1,7,-2.0,3,7950.4,7950.3,7950.4,7950.3,0,1
1774722567,7950.6,DOWN,-1.0,864,-0.001157,0,2,6,0.0,1,7950.5,7950.4,7950.3,7950.4,0,1
1774722567,7950.6,DOWN,-1.0,864,-0.001157,0,2,6,0.0,2,7950.4,7950.3,7950.4,7950.3,0,1
1774722567,7950.6,DOWN,-1.0,864,-0.001157,0,2,6,0.0,3,7950.3,7950.4,7950.3,7950.4,1,0
1774722568,7950.5,DOWN,-1.0,992,-0.001008,0,3,5,-0.0,1,7950.4,7950.3,7950.4,7950.3,0,1
1774722568,7950.5,DOWN,-1.0,992,-0.001008,0,3,5,-0.0,2,7950.3,7950.4,7950.3,7950.4,1,0
1774722568,7950.5,DOWN,-1.0,992,-0.001008,0,3,5,-0.0,3,7950.4,7950.3,7950.4,7950.3,0,1
1774722569,7950.4,DOWN,-1.0,1001,-0.000999,0,4,4,0.0,1,7950.3,7950.4,7950.3,7950.4,1,0
1774722569,7950.4,DOWN,-1.0,1001,-0.000999,0,4,4,0.0,2,7950.4,7950.3,7950.4,7950.3,0,1
1774722569,7950.4,DOWN,-1.0,1001,-0.000999,0,4,4,0.0,3,7950.3,7950.4,7950.3,7950.4,1,0
1774722570,7950.3,DOWN,-1.0,1047,-0.000955,0,5,3,0.0,1,7950.4,7950.3,7950.4,7950.3,0,1
1774722570,7950.3,DOWN,-1.0,1047,-0.000955,0,5,3,0.0,2,7950.3,7950.4,7950.3,7950.4,1,0
1774722570,7950.3,DOWN,-1.0,1047,-0.000955,0,5,3,0.0,3,7950.4,7950.3,7950.4,7950.3,0,1
1774722571,7950.4,UP,1.0,901,0.001110,1,0,4,2.0,1,7950.3,7950.4,7950.3,7950.4,1,0
1774722571,7950.4,UP,1.0,901,0.001110,1,0,4,2.0,2,7950.4,7950.3,7950.4,7950.3,0,1
1774722571,7950.4,UP,1.0,901,0.001110,1,0,4,2.0,3,7950.3,7950.4,7950.3,7950.4,1,0
1774722572,7950.3,DOWN,-1.0,1091,-0.000917,0,1,3,-2.0,1,7950.4,7950.3,7950.4,7950.3,0,1
1774722572,7950.3,DOWN,-1.0,1091,-0.000917,0,1,3,-2.0,2,7950.3,7950.4,7950.3,7950.4,1,0
1774722572,7950.3,DOWN,-1.0,1091,-0.000917,0,1,3,-2.0,3,7950.4,7950.3,7950.4,7950.3,0,1
1774722573,7950.4,UP,1.0,1031,0.000970,1,0,4,2.0,1,7950.3,7950.4,7950.3,7950.4,1,0
1774722573,7950.4,UP,1.0,1031,0.000970,1,0,4,2.0,2,7950.4,7950.3,7950.4,7950.3,0,1
1774722573,7950.4,UP,1.0,1031,0.000970,1,0,4,2.0,3,7950.3,7950.4,7950.3,7950.4,1,0
1774722574,7950.3,DOWN,-1.0,1020,-0.000980,0,1,3,-2.0,1,7950.4,7950.3,7950.4,7950.3,0,1
1774722574,7950.3,DOWN,-1.0,1020,-0.000980,0,1,3,-2.0,2,7950.3,7950.4,7950.3,7950.4,1,0
1774722574,7950.3,DOWN,-1.0,1020,-0.000980,0,1,3,-2.0,3,7950.4,7950.3,7950.4,7950.3,0,1
1774722575,7950.4,UP,1.0,890,0.001124,1,0,4,2.0,1,7950.3,7950.4,7950.3,7950.4,1,0
1774722575,7950.4,UP,1.0,890,0.001124,1,0,4,2.0,2,7950.4,7950.3,7950.4,7950.3,0,1
1774722575,7950.4,UP,1.0,890,0.001124,1,0,4,2.0,3,7950.3,7950.4,7950.3,7950.2,0,1
1774722576,7950.3,DOWN,-1.0,1081,-0.000925,0,1,3,-2.0,1,7950.4,7950.3,7950.4,7950.3,0,1
1774722576,7950.3,DOWN,-1.0,1081,-0.000925,0,1,3,-2.0,2,7950.3,7950.4,7950.3,7950.2,0,1
1774722576,7950.3,DOWN,-1.0,1081,-0.000925,0,1,3,-2.0,3,7950.4,7950.3,7950.2,7950.3,0,1
1774722577,7950.4,UP,1.0,917,0.001091,1,0,4,2.0,1,7950.3,7950.4,7950.3,7950.2,0,1
1774722577,7950.4,UP,1.0,917,0.001091,1,0,4,2.0,2,7950.4,7950.3,7950.2,7950.3,0,1
1774722577,7950.4,UP,1.0,917,0.001091,1,0,4,2.0,3,7950.3,7950.2,7950.3,7950.4,1,0
1774722578,7950.3,DOWN,-1.0,1022,-0.000978,0,1,3,-2.0,1,7950.4,7950.3,7950.2,7950.3,0,1
1774722578,7950.3,DOWN,-1.0,1022,-0.000978,0,1,3,-2.0,2,7950.3,7950.2,7950.3,7950.4,1,0
1774722578,7950.3,DOWN,-1.0,1022,-0.000978,0,1,3,-2.0,3,7950.2,7950.3,7950.4,7950.5,1,0
1774722579,7950.4,UP,1.0,965,0.001036,1,0,4,2.0,1,7950.3,7950.2,7950.3,7950.4,1,0
1774722579,7950.4,UP,1.0,965,0.001036,1,0,4,2.0,2,7950.2,7950.3,7950.4,7950.5,1,0
1774722579,7950.4,UP,1.0,965,0.001036,1,0,4,2.0,3,7950.3,7950.4,7950.5,7950.4,1,0
1774722580,7950.3,DOWN,-1.0,1090,-0.000917,0,1,3,-2.0,1,7950.2,7950.3,7950.4,7950.5,1,0
1774722580,7950.3,DOWN,-1.0,1090,-0.000917,0,1,3,-2.0,2,7950.3,7950.4,7950.5,7950.4,1,0
1774722580,7950.3,DOWN,-1.0,1090,-0.000917,0,1,3,-2.0,3,7950.4,7950.5,7950.4,7950.5,1,0
1774722581,7950.2,DOWN,-1.0,972,-0.001029,0,2,2,-0.0,1,7950.3,7950.4,7950.5,7950.4,1,0
1774722581,7950.2,DOWN,-1.0,972,-0.001029,0,2,2,-0.0,2,7950.4,7950.5,7950.4,7950.5,1,0
1774722581,7950.2,DOWN,-1.0,972,-0.001029,0,2,2,-0.0,3,7950.5,7950.4,7950.5,7950.6,1,0
1774722582,7950.3,UP,1.0,1014,0.000986,1,0,3,2.0,1,7950.4,7950.5,7950.4,7950.5,1,0
1774722582,7950.3,UP,1.0,1014,0.000986,1,0,3,2.0,2,7950.5,7950.4,7950.5,7950.6,1,0
1774722582,7950.3,UP,1.0,1014,0.000986,1,0,3,2.0,3,7950.4,7950.5,7950.6,7950.5,1,0
1774722583,7950.4,UP,1.0,1091,0.000917,2,0,4,-0.0,1,7950.5,7950.4,7950.5,7950.6,1,0
1774722583,7950.4,UP,1.0,1091,0.000917,2,0,4,-0.0,2,7950.4,7950.5,7950.6,7950.5,1,0
1774722583,7950.4,UP,1.0,1091,0.000917,2,0,4,-0.0,3,7950.5,7950.6,7950.5,7950.6,1,0
1774722584,7950.5,UP,1.0,896,0.001116,3,0,5,0.0,1,7950.4,7950.5,7950.6,7950.5,1,0
1774722584,7950.5,UP,1.0,896,0.001116,3,0,5,0.0,2,7950.5,7950.6,7950.5,7950.6,1,0
1774722584,7950.5,UP,1.0,896,0.001116,3,0,5,0.0,3,7950.6,7950.5,7950.6,7950.7,1,0
1774722585,7950.4,DOWN,-1.0,953,-0.001049,0,1,4,-2.0,1,7950.5,7950.6,7950.5,7950.6,1,0
1774722585,7950.4,DOWN,-1.0,953,-0.001049,0,1,4,-2.0,2,7950.6,7950.5,7950.6,7950.7,1,0
1774722585,7950.4,DOWN,-1.0,953,-0.001049,0,1,4,-2.0,3,7950.5,7950.6,7950.7,7950.6,1,0
1774722586,7950.5,UP,1.0,1019,0.000981,1,0,5,2.0,1,7950.6,7950.5,7950.6,7950.7,1,0
1774722586,7950.5,UP,1.0,1019,0.000981,1,0,5,2.0,2,7950.5,7950.6,7950.7,7950.6,1,0
1774722586,7950.5,UP,1.0,1019,0.000981,1,0,5,2.0,3,7950.6,7950.7,7950.6,7950.7,1,0
1774722587,7950.6,UP,1.0,1025,0.000976,2,0,6,0.0,1,7950.5,7950.6,7950.7,7950.6,1,0
1774722587,7950.6,UP,1.0,1025,0.000976,2,0,6,0.0,2,7950.6,7950.7,7950.6,7950.7,1,0
1774722587,7950.6,UP,1.0,1025,0.000976,2,0,6,0.0,3,7950.7,7950.6,7950.7,7950.8,1,0
1774722588,7950.5,DOWN,-1.0,1043,-0.000959,0,1,5,-2.0,1,7950.6,7950.7,7950.6,7950.7,1,0
1774722588,7950.5,DOWN,-1.0,1043,-0.000959,0,1,5,-2.0,2,7950.7,7950.6,7950.7,7950.8,1,0
1774722588,7950.5,DOWN,-1.0,1043,-0.000959,0,1,5,-2.0,3,7950.6,7950.7,7950.8,7950.7,1,0
1774722589,7950.6,UP,1.0,909,0.001100,1,0,6,2.0,1,7950.7,7950.6,7950.7,7950.8,1,0
1774722589,7950.6,UP,1.0,909,0.001100,1,0,6,2.0,2,7950.6,7950.7,7950.8,7950.7,1,0
1774722589,7950.6,UP,1.0,909,0.001100,1,0,6,2.0,3,7950.7,7950.8,7950.7,7950.6,0,1
1774722590,7950.7,UP,1.0,1123,0.000890,2,0,7,-0.0,1,7950.6,7950.7,7950.8,7950.7,1,0
1774722590,7950.7,UP,1.0,1123,0.000890,2,0,7,-0.0,2,7950.7,7950.8,7950.7,7950.6,0,1
1774722590,7950.7,UP,1.0,1123,0.000890,2,0,7,-0.0,3,7950.8,7950.7,7950.6,7950.5,0,1
1774722591,7950.6,DOWN,-1.0,1026,-0.000975,0,1,6,-2.0,1,7950.7,7950.8,7950.7,7950.6,0,1
1774722591,7950.6,DOWN,-1.0,1026,-0.000975,0,1,6,-2.0,2,7950.8,7950.7,7950.6,7950.5,0,1
1774722591,7950.6,DOWN,-1.0,1026,-0.000975,0,1,6,-2.0,3,7950.7,7950.6,7950.5,7950.4,0,1
1774722592,7950.7,UP,1.0,952,0.001050,1,0,7,2.0,1,7950.8,7950.7,7950.6,7950.5,0,1
1774722592,7950.7,UP,1.0,952,0.001050,1,0,7,2.0,2,7950.7,7950.6,7950.5,7950.4,0,1
1774722592,7950.7,UP,1.0,952,0.001050,1,0,7,2.0,3,7950.6,7950.5,7950.4,7950.3,0,1
1774722593,7950.8,UP,1.0,891,0.001122,2,0,8,0.0,1,7950.7,7950.6,7950.5,7950.4,0,1
1774722593,7950.8,UP,1.0,891,0.001122,2,0,8,0.0,2,7950.6,7950.5,7950.4,7950.3,0,1
1774722593,7950.8,UP,1.0,891,0.001122,2,0,8,0.0,3,7950.5,7950.4,7950.3,7950.2,0,1
1774722594,7950.7,DOWN,-1.0,1086,-0.000921,0,1,7,-2.0,1,7950.6,7950.5,7950.4,7950.3,0,1
1774722594,7950.7,DOWN,-1.0,1086,-0.000921,0,1,7,-2.0,2,7950.5,7950.4,7950.3,7950.2,0,1
1774722594,7950.7,DOWN,-1.0,1086,-0.000921,0,1,7,-2.0,3,7950.4,7950.3,7950.2,7950.3,0,1
1774722595,7950.6,DOWN,-1.0,1045,-0.000957,0,2,6,0.0,1,7950.5,7950.4,7950.3,7950.2,0,1
1774722595,7950.6,DOWN,-1.0,1045,-0.000957,0,2,6,0.0,2,7950.4,7950.3,7950.2,7950.3,0,1
1774722595,7950.6,DOWN,-1.0,1045,-0.000957,0,2,6,0.0,3,7950.3,7950.2,7950.3,7950.4,1,0
1774722596,7950.5,DOWN,-1.0,961,-0.001041,0,3,5,-0.0,1,7950.4,7950.3,7950.2,7950.3,0,1
1774722596,7950.5,DOWN,-1.0,961,-0.001041,0,3,5,-0.0,2,7950.3,7950.2,7950.3,7950.4,1,0
1774722596,7950.5,DOWN,-1.0,961,-0.001041,0,3,5,-0.0,3,7950.2,7950.3,7950.4,7950.5,1,0
1774722597,7950.4,DOWN,-1.0,918,-0.001089,0,4,4,0.0,1,7950.3,7950.2,7950.3,7950.4,1,0
1774722597,7950.4,DOWN,-1.0,918,-0.001089,0,4,4,0.0,2,7950.2,7950.3,7950.4,7950.5,1,0
1774722597,7950.4,DOWN,-1.0,918,-0.001089,0,4,4,0.0,3,7950.3,7950.4,7950.5,7950.4,1,0
1774722598,7950.3,DOWN,-1.0,1092,-0.000916,0,5,3,0.0,1,7950.2,7950.3,7950.4,7950.5,1,0
1774722598,7950.3,DOWN,-1.0,1092,-0.000916,0,5,3,0.0,2,7950.3,7950.4,7950.5,7950.4,1,0
1774722598,7950.3,DOWN,-1.0,1092,-0.000916,0,5,3,0.0,3,7950.4,7950.5,7950.4,7950.3,0,1
1774722599,7950.2,DOWN,-1.0,1037,-0.000964,0,6,2,-0.0,1,7950.3,7950.4,7950.5,7950.4,1,0
1774722599,7950.2,DOWN,-1.0,1037,-0.000964,0,6,2,-0.0,2,7950.4,7950.5,7950.4,7950.3,0,1
1774722599,7950.2,DOWN,-1.0,1037,-0.000964,0,6,2,-0.0,3,7950.5,7950.4,7950.3,7950.2,0,1
1774722600,7950.3,UP,1.0,1016,0.000984,1,0,3,2.0,1,7950.4,7950.5,7950.4,7950.3,0,1
1774722600,7950.3,UP,1.0,1016,0.000984,1,0,3,2.0,2,7950.5,7950.4,7950.3,7950.2,0,1
1774722600,7950.3,UP,1.0,1016,0.000984,1,0,3,2.0,3,7950.4,7950.3,7950.2,7950.1,0,1
1774722601,7950.4,UP,1.0,923,0.001083,2,0,4,-0.0,1,7950.5,7950.4,7950.3,7950.2,0,1
1774722601,7950.4,UP,1.0,923,0.001083,2,0,4,-0.0,2,7950.4,7950.3,7950.2,7950.1,0,1
1774722601,7950.4,UP,1.0,923,0.001083,2,0,4,-0.0,3,7950.3,7950.2,7950.1,7950,0,1
1774722602,7950.5,UP,1.0,984,0.001016,3,0,5,0.0,1,7950.4,7950.3,7950.2,7950.1,0,1
1774722602,7950.5,UP,1.0,984,0.001016,3,0,5,0.0,2,7950.3,7950.2,7950.1,7950,0,1
1774722602,7950.5,UP,1.0,984,0.001016,3,0,5,0.0,3,7950.2,7950.1,7950,7949.9,0,1
1774722603,7950.4,DOWN,-1.0,1067,-0.000937,0,1,4,-2.0,1,7950.3,7950.2,7950.1,7950,0,1
1774722603,7950.4,DOWN,-1.0,1067,-0.000937,0,1,4,-2.0,2,7950.2,7950.1,7950,7949.9,0,1
1774722603,7950.4,DOWN,-1.0,1067,-0.000937,0,1,4,-2.0,3,7950.1,7950,7949.9,7949.8,0,1
1774722604,7950.3,DOWN,-1.0,967,-0.001034,0,2,3,0.0,1,7950.2,7950.1,7950,7949.9,0,1
1774722604,7950.3,DOWN,-1.0,967,-0.001034,0,2,3,0.0,2,7950.1,7950,7949.9,7949.8,0,1
1774722604,7950.3,DOWN,-1.0,967,-0.001034,0,2,3,0.0,3,7950,7949.9,7949.8,7949.7,0,1
1774722605,7950.2,DOWN,-1.0,937,-0.001067,0,3,2,-0.0,1,7950.1,7950,7949.9,7949.8,0,1
1774722605,7950.2,DOWN,-1.0,937,-0.001067,0,3,2,-0.0,2,7950,7949.9,7949.8,7949.7,0,1
1774722605,7950.2,DOWN,-1.0,937,-0.001067,0,3,2,-0.0,3,7949.9,7949.8,7949.7,7949.8,0,1
1774722606,7950.1,DOWN,-1.0,1091,-0.000917,0,4,1,0.0,1,7950,7949.9,7949.8,7949.7,0,1
1774722606,7950.1,DOWN,-1.0,1091,-0.000917,0,4,1,0.0,2,7949.9,7949.8,7949.7,7949.8,0,1
1774722606,7950.1,DOWN,-1.0,1091,-0.000917,0,4,1,0.0,3,7949.8,7949.7,7949.8,7949.7,0,1
1774722607,7950,DOWN,-1.0,884,-0.001131,0,5,0,-0.0,1,7949.9,7949.8,7949.7,7949.8,0,1
1774722607,7950,DOWN,-1.0,884,-0.001131,0,5,0,-0.0,2,7949.8,7949.7,7949.8,7949.7,0,1
1774722607,7950,DOWN,-1.0,884,-0.001131,0,5,0,-0.0,3,7949.7,7949.8,7949.7,7949.8,1,0
1774722608,7949.9,DOWN,-1.0,1124,-0.000890,0,6,9,0.0,1,7949.8,7949.7,7949.8,7949.7,0,1
1774722608,7949.9,DOWN,-1.0,1124,-0.000890,0,6,9,0.0,2,7949.7,7949.8,7949.7,7949.8,1,0
1774722608,7949.9,DOWN,-1.0,1124,-0.000890,0,6,9,0.0,3,7949.8,7949.7,7949.8,7949.7,0,1
1774722609,7949.8,DOWN,-1.0,906,-0.001104,0,7,8,0.0,1,7949.7,7949.8,7949.7,7949.8,1,0
1774722609,7949.8,DOWN,-1.0,906,-0.001104,0,7,8,0.0,2,7949.8,7949.7,7949.8,7949.7,0,1
1774722609,7949.8,DOWN,-1.0,906,-0.001104,0,7,8,0.0,3,7949.7,7949.8,7949.7,7949.8,1,0
1774722610,7949.7,DOWN,-1.0,1159,-0.000863,0,8,7,-0.0,1,7949.8,7949.7,7949.8,7949.7,0,1
1774722610,7949.7,DOWN,-1.0,1159,-0.000863,0,8,7,-0.0,2,7949.7,7949.8,7949.7,7949.8,1,0
1774722610,7949.7,DOWN,-1.0,1159,-0.000863,0,8,7,-0.0,3,7949.8,7949.7,7949.8,7949.9,1,0
1774722611,7949.8,UP,1.0,928,0.001078,1,0,8,2.0,1,7949.7,7949.8,7949.7,7949.8,1,0
1774722611,7949.8,UP,1.0,928,0.001078,1,0,8,2.0,2,7949.8,7949.7,7949.8,7949.9,1,0
1774722611,7949.8,UP,1.0,928,0.001078,1,0,8,2.0,3,7949.7,7949.8,7949.9,7950,1,0
1774722612,7949.7,DOWN,-1.0,931,-0.001074,0,1,7,-2.0,1,7949.8,7949.7,7949.8,7949.9,1,0
1774722612,7949.7,DOWN,-1.0,931,-0.001074,0,1,7,-2.0,2,7949.7,7949.8,7949.9,7950,1,0
1774722612,7949.7,DOWN,-1.0,931,-0.001074,0,1,7,-2.0,3,7949.8,7949.9,7950,7949.9,1,0
1774722613,7949.8,UP,1.0,927,0.001079,1,0,8,2.0,1,7949.7,7949.8,7949.9,7950,1,0
1774722613,7949.8,UP,1.0,927,0.001079,1,0,8,2.0,2,7949.8,7949.9,7950,7949.9,1,0
1774722613,7949.8,UP,1.0,927,0.001079,1,0,8,2.0,3,7949.9,7950,7949.9,7949.8,0,1
1774722614,7949.7,DOWN,-1.0,1112,-0.000899,0,1,7,-2.0,1,7949.8,7949.9,7950,7949.9,1,0
1774722614,7949.7,DOWN,-1.0,1112,-0.000899,0,1,7,-2.0,2,7949.9,7950,7949.9,7949.8,0,1
1774722614,7949.7,DOWN,-1.0,1112,-0.000899,0,1,7,-2.0,3,7950,7949.9,7949.8,7949.9,0,1
1774722615,7949.8,UP,1.0,942,0.001062,1,0,8,2.0,1,7949.9,7950,7949.9,7949.8,0,1
1774722615,7949.8,UP,1.0,942,0.001062,1,0,8,2.0,2,7950,7949.9,7949.8,7949.9,0,1
1774722615,7949.8,UP,1.0,942,0.001062,1,0,8,2.0,3,7949.9,7949.8,7949.9,7950,1,0
1774722616,7949.9,UP,1.0,1048,0.000954,2,0,9,-0.0,1,7950,7949.9,7949.8,7949.9,0,1
1774722616,7949.9,UP,1.0,1048,0.000954,2,0,9,-0.0,2,7949.9,7949.8,7949.9,7950,1,0
1774722616,7949.9,UP,1.0,1048,0.000954,2,0,9,-0.0,3,7949.8,7949.9,7950,7949.9,1,0
1774722617,7950,UP,1.0,962,0.001040,3,0,0,0.0,1,7949.9,7949.8,7949.9,7950,1,0
1774722617,7950,UP,1.0,962,0.001040,3,0,0,0.0,2,7949.8,7949.9,7950,7949.9,1,0
1774722617,7950,UP,1.0,962,0.001040,3,0,0,0.0,3,7949.9,7950,7949.9,7950,1,0
1774722618,7949.9,DOWN,-1.0,1011,-0.000989,0,1,9,-2.0,1,7949.8,7949.9,7950,7949.9,1,0
1774722618,7949.9,DOWN,-1.0,1011,-0.000989,0,1,9,-2.0,2,7949.9,7950,7949.9,7950,1,0
1774722618,7949.9,DOWN,-1.0,1011,-0.000989,0,1,9,-2.0,3,7950,7949.9,7950,7949.9,0,1
1774722619,7949.8,DOWN,-1.0,1053,-0.000950,0,2,8,0.0,1,7949.9,7950,7949.9,7950,1,0
1774722619,7949.8,DOWN,-1.0,1053,-0.000950,0,2,8,0.0,2,7950,7949.9,7950,7949.9,0,1
1774722619,7949.8,DOWN,-1.0,1053,-0.000950,0,2,8,0.0,3,7949.9,7950,7949.9,7950,1,0
1774722620,7949.9,UP,1.0,960,0.001042,1,0,9,2.0,1,7950,7949.9,7950,7949.9,0,1
1774722620,7949.9,UP,1.0,960,0.001042,1,0,9,2.0,2,7949.9,7950,7949.9,7950,1,0
1774722620,7949.9,UP,1.0,960,0.001042,1,0,9,2.0,3,7950,7949.9,7950,7949.9,0,1
1774722621,7950,UP,1.0,975,0.001026,2,0,0,0.0,1,7949.9,7950,7949.9,7950,1,0
1774722621,7950,UP,1.0,975,0.001026,2,0,0,0.0,2,7950,7949.9,7950,7949.9,0,1
1774722621,7950,UP,1.0,975,0.001026,2,0,0,0.0,3,7949.9,7950,7949.9,7949.8,0,1
1774722622,7949.9,DOWN,-1.0,1040,-0.000962,0,1,9,-2.0,1,7950,7949.9,7950,7949.9,0,1
1774722622,7949.9,DOWN,-1.0,1040,-0.000962,0,1,9,-2.0,2,7949.9,7950,7949.9,7949.8,0,1
1774722622,7949.9,DOWN,-1.0,1040,-0.000962,0,1,9,-2.0,3,7950,7949.9,7949.8,7949.9,0,1
1774722623,7950,UP,1.0,925,0.001081,1,0,0,2.0,1,7949.9,7950,7949.9,7949.8,0,1
1774722623,7950,UP,1.0,925,0.001081,1,0,0,2.0,2,7950,7949.9,7949.8,7949.9,0,1
1774722623,7950,UP,1.0,925,0.001081,1,0,0,2.0,3,7949.9,7949.8,7949.9,7950,1,0
1774722624,7949.9,DOWN,-1.0,1060,-0.000943,0,1,9,-2.0,1,7950,7949.9,7949.8,7949.9,0,1
1774722624,7949.9,DOWN,-1.0,1060,-0.000943,0,1,9,-2.0,2,7949.9,7949.8,7949.9,7950,1,0
1774722624,7949.9,DOWN,-1.0,1060,-0.000943,0,1,9,-2.0,3,7949.8,7949.9,7950,7949.9,1,0
1774722625,7950,UP,1.0,945,0.001058,1,0,0,2.0,1,7949.9,7949.8,7949.9,7950,1,0
1774722625,7950,UP,1.0,945,0.001058,1,0,0,2.0,2,7949.8,7949.9,7950,7949.9,1,0
1774722625,7950,UP,1.0,945,0.001058,1,0,0,2.0,3,7949.9,7950,7949.9,7949.8,0,1
1774722626,7949.9,DOWN,-1.0,1047,-0.000955,0,1,9,-2.0,1,7949.8,7949.9,7950,7949.9,1,0
1774722626,7949.9,DOWN,-1.0,1047,-0.000955,0,1,9,-2.0,2,7949.9,7950,7949.9,7949.8,0,1
1774722626,7949.9,DOWN,-1.0,1047,-0.000955,0,1,9,-2.0,3,7950,7949.9,7949.8,7949.7,0,1
1774722627,7949.8,DOWN,-1.0,932,-0.001073,0,2,8,0.0,1,7949.9,7950,7949.9,7949.8,0,1
1774722627,7949.8,DOWN,-1.0,932,-0.001073,0,2,8,0.0,2,7950,7949.9,7949.8,7949.7,0,1
1774722627,7949.8,DOWN,-1.0,932,-0.001073,0,2,8,0.0,3,7949.9,7949.8,7949.7,7949.6,0,1
1774722628,7949.9,UP,1.0,1112,0.000899,1,0,9,2.0,1,7950,7949.9,7949.8,7949.7,0,1
1774722628,7949.9,UP,1.0,1112,0.000899,1,0,9,2.0,2,7949.9,7949.8,7949.7,7949.6,0,1
1774722628,7949.9,UP,1.0,1112,0.000899,1,0,9,2.0,3,7949.8,7949.7,7949.6,7949.5,0,1
1774722629,7950,UP,1.0,885,0.001130,2,0,0,0.0,1,7949.9,7949.8,7949.7,7949.6,0,1
1774722629,7950,UP,1.0,885,0.001130,2,0,0,0.0,2,7949.8,7949.7,7949.6,7949.5,0,1
1774722629,7950,UP,1.0,885,0.001130,2,0,0,0.0,3,7949.7,7949.6,7949.5,7949.6,0,1
1774722630,7949.9,DOWN,-1.0,1062,-0.000942,0,1,9,-2.0,1,7949.8,7949.7,7949.6,7949.5,0,1
1774722630,7949.9,DOWN,-1.0,1062,-0.000942,0,1,9,-2.0,2,7949.7,7949.6,7949.5,7949.6,0,1
1774722630,7949.9,DOWN,-1.0,1062,-0.000942,0,1,9,-2.0,3,7949.6,7949.5,7949.6,7949.7,1,0
1774722631,7949.8,DOWN,-1.0,936,-0.001068,0,2,8,0.0,1,7949.7,7949.6,7949.5,7949.6,0,1
1774722631,7949.8,DOWN,-1.0,936,-0.001068,0,2,8,0.0,2,7949.6,7949.5,7949.6,7949.7,1,0
1774722631,7949.8,DOWN,-1.0,936,-0.001068,0,2,8,0.0,3,7949.5,7949.6,7949.7,7949.6,1,0
1774722632,7949.7,DOWN,-1.0,1127,-0.000887,0,3,7,-0.0,1,7949.6,7949.5,7949.6,7949.7,1,0
1774722632,7949.7,DOWN,-1.0,1127,-0.000887,0,3,7,-0.0,2,7949.5,7949.6,7949.7,7949.6,1,0
1774722632,7949.7,DOWN,-1.0,1127,-0.000887,0,3,7,-0.0,3,7949.6,7949.7,7949.6,7949.7,1,0
1774722633,7949.6,DOWN,-1.0,917,-0.001091,0,4,6,0.0,1,7949.5,7949.6,7949.7,7949.6,1,0
1774722633,7949.6,DOWN,-1.0,917,-0.001091,0,4,6,0.0,2,7949.6,7949.7,7949.6,7949.7,1,0
1774722633,7949.6,DOWN,-1.0,917,-0.001091,0,4,6,0.0,3,7949.7,7949.6,7949.7,7949.8,1,0
1774722634,7949.5,DOWN,-1.0,1018,-0.000982,0,5,5,-0.0,1,7949.6,7949.7,7949.6,7949.7,1,0
1774722634,7949.5,DOWN,-1.0,1018,-0.000982,0,5,5,-0.0,2,7949.7,7949.6,7949.7,7949.8,1,0
1774722634,7949.5,DOWN,-1.0,1018,-0.000982,0,5,5,-0.0,3,7949.6,7949.7,7949.8,7949.7,1,0
1774722635,7949.6,UP,1.0,936,0.001068,1,0,6,2.0,1,7949.7,7949.6,7949.7,7949.8,1,0
1774722635,7949.6,UP,1.0,936,0.001068,1,0,6,2.0,2,7949.6,7949.7,7949.8,7949.7,1,0
1774722635,7949.6,UP,1.0,936,0.001068,1,0,6,2.0,3,7949.7,7949.8,7949.7,7949.8,1,0
1774722636,7949.7,UP,1.0,1135,0.000881,2,0,7,-0.0,1,7949.6,7949.7,7949.8,7949.7,1,0
1774722636,7949.7,UP,1.0,1135,0.000881,2,0,7,-0.0,2,7949.7,7949.8,7949.7,7949.8,1,0
1774722636,7949.7,UP,1.0,1135,0.000881,2,0,7,-0.0,3,7949.8,7949.7,7949.8,7949.9,1,0
1774722637,7949.6,DOWN,-1.0,850,-0.001176,0,1,6,-2.0,1,7949.7,7949.8,7949.7,7949.8,1,0
1774722637,7949.6,DOWN,-1.0,850,-0.001176,0,1,6,-2.0,2,7949.8,7949.7,7949.8,7949.9,1,0
1774722637,7949.6,DOWN,-1.0,850,-0.001176,0,1,6,-2.0,3,7949.7,7949.8,7949.9,7949.8,1,0
1774722638,7949.7,UP,1.0,1075,0.000930,1,0,7,2.0,1,7949.8,7949.7,7949.8,7949.9,1,0
1774722638,7949.7,UP,1.0,1075,0.000930,1,0,7,2.0,2,7949.7,7949.8,7949.9,7949.8,1,0
1774722638,7949.7,UP,1.0,1075,0.000930,1,0,7,2.0,3,7949.8,7949.9,7949.8,7949.7,0,1
1774722639,7949.8,UP,1.0,952,0.001050,2,0,8,0.0,1,7949.7,7949.8,7949.9,7949.8,1,0
1774722639,7949.8,UP,1.0,952,0.001050,2,0,8,0.0,2,7949.8,7949.9,7949.8,7949.7,0,1
1774722639,7949.8,UP,1.0,952,0.001050,2,0,8,0.0,3,7949.9,7949.8,7949.7,7949.6,0,1
1774722640,7949.7,DOWN,-1.0,1062,-0.000942,0,1,7,-2.0,1,7949.8,7949.9,7949.8,7949.7,0,1
1774722640,7949.7,DOWN,-1.0,1062,-0.000942,0,1,7,-2.0,2,7949.9,7949.8,7949.7,7949.6,0,1
1774722640,7949.7,DOWN,-1.0,1062,-0.000942,0,1,7,-2.0,3,7949.8,7949.7,7949.6,7949.7,0,1
1774722641,7949.8,UP,1.0,922,0.001085,1,0,8,2.0,1,7949.9,7949.8,7949.7,7949.6,0,1
1774722641,7949.8,UP,1.0,922,0.001085,1,0,8,2.0,2,7949.8,7949.7,7949.6,7949.7,0,1
1774722641,7949.8,UP,1.0,922,0.001085,1,0,8,2.0,3,7949.7,7949.6,7949.7,7949.6,0,1
1774722642,7949.9,UP,1.0,1069,0.000935,2,0,9,-0.0,1,7949.8,7949.7,7949.6,7949.7,0,1
1774722642,7949.9,UP,1.0,1069,0.000935,2,0,9,-0.0,2,7949.7,7949.6,7949.7,7949.6,0,1
1774722642,7949.9,UP,1.0,1069,0.000935,2,0,9,-0.0,3,7949.6,7949.7,7949.6,7949.7,1,0
1774722643,7949.8,DOWN,-1.0,932,-0.001073,0,1,8,-2.0,1,7949.7,7949.6,7949.7,7949.6,0,1
1774722643,7949.8,DOWN,-1.0,932,-0.001073,0,1,8,-2.0,2,7949.6,7949.7,7949.6,7949.7,1,0
1774722643,7949.8,DOWN,-1.0,932,-0.001073,0,1,8,-2.0,3,7949.7,7949.6,7949.7,7949.6,0,1
1774722644,7949.7,DOWN,-1.0,1068,-0.000936,0,2,7,-0.0,1,7949.6,7949.7,7949.6,7949.7,1,0
1774722644,7949.7,DOWN,-1.0,1068,-0.000936,0,2,7,-0.0,2,7949.7,7949.6,7949.7,7949.6,0,1
1774722644,7949.7,DOWN,-1.0,1068,-0.000936,0,2,7,-0.0,3,7949.6,7949.7,7949.6,7949.5,0,1
1774722645,7949.6,DOWN,-1.0,933,-0.001072,0,3,6,0.0,1,7949.7,7949.6,7949.7,7949.6,0,1
1774722645,7949.6,DOWN,-1.0,933,-0.001072,0,3,6,0.0,2,7949.6,7949.7,7949.6,7949.5,0,1
1774722645,7949.6,DOWN,-1.0,933,-0.001072,0,3,6,0.0,3,7949.7,7949.6,7949.5,7949.6,0,1
1774722646,7949.7,UP,1.0,1059,0.000944,1,0,7,2.0,1,7949.6,7949.7,7949.6,7949.5,0,1
1774722646,7949.7,UP,1.0,1059,0.000944,1,0,7,2.0,2,7949.7,7949.6,7949.5,7949.6,0,1
1774722646,7949.7,UP,1.0,1059,0.000944,1,0,7,2.0,3,7949.6,7949.5,7949.6,7949.5,0,1
1774722647,7949.6,DOWN,-1.0,953,-0.001049,0,1,6,-2.0,1,7949.7,7949.6,7949.5,7949.6,0,1
1774722647,7949.6,DOWN,-1.0,953,-0.001049,0,1,6,-2.0,2,7949.6,7949.5,7949.6,7949.5,0,1
1774722647,7949.6,DOWN,-1.0,953,-0.001049,0,1,6,-2.0,3,7949.5,7949.6,7949.5,7949.6,1,0
1774722648,7949.7,UP,1.0,1101,0.000908,1,0,7,2.0,1,7949.6,7949.5,7949.6,7949.5,0,1
1774722648,7949.7,UP,1.0,1101,0.000908,1,0,7,2.0,2,7949.5,7949.6,7949.5,7949.6,1,0
1774722648,7949.7,UP,1.0,1101,0.000908,1,0,7,2.0,3,7949.6,7949.5,7949.6,7949.7,1,0
1774722649,7949.6,DOWN,-1.0,909,-0.001100,0,1,6,-2.0,1,7949.5,7949.6,7949.5,7949.6,1,0
1774722649,7949.6,DOWN,-1.0,909,-0.001100,0,1,6,-2.0,2,7949.6,7949.5,7949.6,7949.7,1,0
1774722649,7949.6,DOWN,-1.0,909,-0.001100,0,1,6,-2.0,3,7949.5,7949.6,7949.7,7949.6,1,0
1774722650,7949.5,DOWN,-1.0,1025,-0.000976,0,2,5,-0.0,1,7949.6,7949.5,7949.6,7949.7,1,0
1774722650,7949.5,DOWN,-1.0,1025,-0.000976,0,2,5,-0.0,2,7949.5,7949.6,7949.7,7949.6,1,0
1774722650,7949.5,DOWN,-1.0,1025,-0.000976,0,2,5,-0.0,3,7949.6,7949.7,7949.6,7949.7,1,0
1774722651,7949.6,UP,1.0,977,0.001024,1,0,6,2.0,1,7949.5,7949.6,7949.7,7949.6,1,0
1774722651,7949.6,UP,1.0,977,0.001024,1,0,6,2.0,2,7949.6,7949.7,7949.6,7949.7,1,0
1774722651,7949.6,UP,1.0,977,0.001024,1,0,6,2.0,3,7949.7,7949.6,7949.7,7949.8,1,0
1774722652,7949.5,DOWN,-1.0,1045,-0.000957,0,1,5,-2.0,1,7949.6,7949.7,7949.6,7949.7,1,0
1774722652,7949.5,DOWN,-1.0,1045,-0.000957,0,1,5,-2.0,2,7949.7,7949.6,7949.7,7949.8,1,0
1774722652,7949.5,DOWN,-1.0,1045,-0.000957,0,1,5,-2.0,3,7949.6,7949.7,7949.8,7949.9,1,0
1774722653,7949.6,UP,1.0,935,0.001070,1,0,6,2.0,1,7949.7,7949.6,7949.7,7949.8,1,0
1774722653,7949.6,UP,1.0,935,0.001070,1,0,6,2.0,2,7949.6,7949.7,7949.8,7949.9,1,0
1774722653,7949.6,UP,1.0,935,0.001070,1,0,6,2.0,3,7949.7,7949.8,7949.9,7950,1,0
1774722654,7949.7,UP,1.0,1058,0.000945,2,0,7,-0.0,1,7949.6,7949.7,7949.8,7949.9,1,0
1774722654,7949.7,UP,1.0,1058,0.000945,2,0,7,-0.0,2,7949.7,7949.8,7949.9,7950,1,0
1774722654,7949.7,UP,1.0,1058,0.000945,2,0,7,-0.0,3,7949.8,7949.9,7950,7950.1,1,0
1774722655,7949.6,DOWN,-1.0,955,-0.001047,0,1,6,-2.0,1,7949.7,7949.8,7949.9,7950,1,0
1774722655,7949.6,DOWN,-1.0,955,-0.001047,0,1,6,-2.0,2,7949.8,7949.9,7950,7950.1,1,0
1774722655,7949.6,DOWN,-1.0,955,-0.001047,0,1,6,-2.0,3,7949.9,7950,7950.1,7950.2,1,0
1774722656,7949.7,UP,1.0,1029,0.000972,1,0,7,2.0,1,7949.8,7949.9,7950,7950.1,1,0
1774722656,7949.7,UP,1.0,1029,0.000972,1,0,7,2.0,2,7949.9,7950,7950.1,7950.2,1,0
1774722656,7949.7,UP,1.0,1029,0.000972,1,0,7,2.0,3,7950,7950.1,7950.2,7950.3,1,0
1774722657,7949.8,UP,1.0,954,0.001048,2,0,8,0.0,1,7949.9,7950,7950.1,7950.2,1,0
1774722657,7949.8,UP,1.0,954,0.001048,2,0,8,0.0,2,7950,7950.1,7950.2,7950.3,1,0
1774722657,7949.8,UP,1.0,954,0.001048,2,0,8,0.0,3,7950.1,7950.2,7950.3,7950.4,1,0
1774722658,7949.9,UP,1.0,1068,0.000936,3,0,9,-0.0,1,7950,7950.1,7950.2,7950.3,1,0
1774722658,7949.9,UP,1.0,1068,0.000936,3,0,9,-0.0,2,7950.1,7950.2,7950.3,7950.4,1,0
1774722658,7949.9,UP,1.0,1068,0.000936,3,0,9,-0.0,3,7950.2,7950.3,7950.4,7950.5,1,0
1774722659,7950,UP,1.0,918,0.001089,4,0,0,0.0,1,7950.1,7950.2,7950.3,7950.4,1,0
1774722659,7950,UP,1.0,918,0.001089,4,0,0,0.0,2,7950.2,7950.3,7950.4,7950.5,1,0
1774722659,7950,UP,1.0,918,0.001089,4,0,0,0.0,3,7950.3,7950.4,7950.5,7950.4,1,0
1774722660,7950.1,UP,1.0,1081,0.000925,5,0,1,0.0,1,7950.2,7950.3,7950.4,7950.5,1,0
1774722660,7950.1,UP,1.0,1081,0.000925,5,0,1,0.0,2,7950.3,7950.4,7950.5,7950.4,1,0
1774722660,7950.1,UP,1.0,1081,0.000925,5,0,1,0.0,3,7950.4,7950.5,7950.4,7950.3,0,1
1774722661,7950.2,UP,1.0,929,0.001076,6,0,2,-0.0,1,7950.3,7950.4,7950.5,7950.4,1,0
1774722661,7950.2,UP,1.0,929,0.001076,6,0,2,-0.0,2,7950.4,7950.5,7950.4,7950.3,0,1
1774722661,7950.2,UP,1.0,929,0.001076,6,0,2,-0.0,3,7950.5,7950.4,7950.3,7950.2,0,1
1774722662,7950.3,UP,1.0,1066,0.000938,7,0,3,0.0,1,7950.4,7950.5,7950.4,7950.3,0,1
1774722662,7950.3,UP,1.0,1066,0.000938,7,0,3,0.0,2,7950.5,7950.4,7950.3,7950.2,0,1
1774722662,7950.3,UP,1.0,1066,0.000938,7,0,3,0.0,3,7950.4,7950.3,7950.2,7950.3,0,1
1774722663,7950.4,UP,1.0,949,0.001054,8,0,4,-0.0,1,7950.5,7950.4,7950.3,7950.2,0,1
1774722663,7950.4,UP,1.0,949,0.001054,8,0,4,-0.0,2,7950.4,7950.3,7950.2,7950.3,0,1
1774722663,7950.4,UP,1.0,949,0.001054,8,0,4,-0.0,3,7950.3,7950.2,7950.3,7950.2,0,1
1774722664,7950.5,UP,1.0,1059,0.000944,9,0,5,0.0,1,7950.4,7950.3,7950.2,7950.3,0,1
1774722664,7950.5,UP,1.0,1059,0.000944,9,0,5,0.0,2,7950.3,7950.2,7950.3,7950.2,0,1
1774722664,7950.5,UP,1.0,1059,0.000944,9,0,5,0.0,3,7950.2,7950.3,7950.2,7950.1,0,1
1774722665,7950.4,DOWN,-1.0,933,-0.001072,0,1,4,-2.0,1,7950.3,7950.2,7950.3,7950.2,0,1
1774722665,7950.4,DOWN,-1.0,933,-0.001072,0,1,4,-2.0,2,7950.2,7950.3,7950.2,7950.1,0,1
1774722665,7950.4,DOWN,-1.0,933,-0.001072,0,1,4,-2.0,3,7950.3,7950.2,7950.1,7950,0,1
1774722666,7950.3,DOWN,-1.0,1217,-0.000822,0,2,3,0.0,1,7950.2,7950.3,7950.2,7950.1,0,1
1774722666,7950.3,DOWN,-1.0,1217,-0.000822,0,2,3,0.0,2,7950.3,7950.2,7950.1,7950,0,1
1774722666,7950.3,DOWN,-1.0,1217,-0.000822,0,2,3,0.0,3,7950.2,7950.1,7950,7950.1,0,1
1774722667,7950.2,DOWN,-1.0,1735,-0.000576,0,3,2,-0.0,1,7950.3,7950.2,7950.1,7950,0,1
1774722667,7950.2,DOWN,-1.0,1735,-0.000576,0,3,2,-0.0,2,7950.2,7950.1,7950,7950.1,0,1
1774722667,7950.2,DOWN,-1.0,1735,-0.000576,0,3,2,-0.0,3,7950.1,7950,7950.1,7950.2,1,0
1774722668,7950.3,UP,1.0,135,0.007407,1,0,3,2.0,1,7950.2,7950.1,7950,7950.1,0,1
1774722668,7950.3,UP,1.0,135,0.007407,1,0,3,2.0,2,7950.1,7950,7950.1,7950.2,1,0
1774722668,7950.3,UP,1.0,135,0.007407,1,0,3,2.0,3,7950,7950.1,7950.2,7950.1,1,0
1774722669,7950.2,DOWN,-1.0,903,-0.001107,0,1,2,-2.0,1,7950.1,7950,7950.1,7950.2,1,0
1774722669,7950.2,DOWN,-1.0,903,-0.001107,0,1,2,-2.0,2,7950,7950.1,7950.2,7950.1,1,0
1774722669,7950.2,DOWN,-1.0,903,-0.001107,0,1,2,-2.0,3,7950.1,7950.2,7950.1,7950,0,1
1774722670,7950.1,DOWN,-1.0,1066,-0.000938,0,2,1,0.0,1,7950,7950.1,7950.2,7950.1,1,0
1774722670,7950.1,DOWN,-1.0,1066,-0.000938,0,2,1,0.0,2,7950.1,7950.2,7950.1,7950,0,1
1774722670,7950.1,DOWN,-1.0,1066,-0.000938,0,2,1,0.0,3,7950.2,7950.1,7950,7950.1,0,1
1774722671,7950,DOWN,-1.0,930,-0.001075,0,3,0,-0.0,1,7950.1,7950.2,7950.1,7950,0,1
1774722671,7950,DOWN,-1.0,930,-0.001075,0,3,0,-0.0,2,7950.2,7950.1,7950,7950.1,0,1
1774722671,7950,DOWN,-1.0,930,-0.001075,0,3,0,-0.0,3,7950.1,7950,7950.1,7950,0,1
1774722672,7950.1,UP,1.0,1063,0.000941,1,0,1,2.0,1,7950.2,7950.1,7950,7950.1,0,1
1774722672,7950.1,UP,1.0,1063,0.000941,1,0,1,2.0,2,7950.1,7950,7950.1,7950,0,1
1774722672,7950.1,UP,1.0,1063,0.000941,1,0,1,2.0,3,7950,7950.1,7950,7950.1,1,0
1774722673,7950.2,UP,1.0,930,0.001075,2,0,2,-0.0,1,7950.1,7950,7950.1,7950,0,1
1774722673,7950.2,UP,1.0,930,0.001075,2,0,2,-0.0,2,7950,7950.1,7950,7950.1,1,0
1774722673,7950.2,UP,1.0,930,0.001075,2,0,2,-0.0,3,7950.1,7950,7950.1,7950.2,1,0
1774722674,7950.1,DOWN,-1.0,1067,-0.000937,0,1,1,-2.0,1,7950,7950.1,7950,7950.1,1,0
1774722674,7950.1,DOWN,-1.0,1067,-0.000937,0,1,1,-2.0,2,7950.1,7950,7950.1,7950.2,1,0
1774722674,7950.1,DOWN,-1.0,1067,-0.000937,0,1,1,-2.0,3,7950,7950.1,7950.2,7950.1,1,0
1774722675,7950,DOWN,-1.0,956,-0.001046,0,2,0,-0.0,1,7950.1,7950,7950.1,7950.2,1,0
1774722675,7950,DOWN,-1.0,956,-0.001046,0,2,0,-0.0,2,7950,7950.1,7950.2,7950.1,1,0
1774722675,7950,DOWN,-1.0,956,-0.001046,0,2,0,-0.0,3,7950.1,7950.2,7950.1,7950.2,1,0
1774722676,7950.1,UP,1.0,1060,0.000943,1,0,1,2.0,1,7950,7950.1,7950.2,7950.1,1,0
1774722676,7950.1,UP,1.0,1060,0.000943,1,0,1,2.0,2,7950.1,7950.2,7950.1,7950.2,1,0
1774722676,7950.1,UP,1.0,1060,0.000943,1,0,1,2.0,3,7950.2,7950.1,7950.2,7950.1,0,1
1774722677,7950,DOWN,-1.0,931,-0.001074,0,1,0,-2.0,1,7950.1,7950.2,7950.1,7950.2,1,0
1774722677,7950,DOWN,-1.0,931,-0.001074,0,1,0,-2.0,2,7950.2,7950.1,7950.2,7950.1,0,1
1774722677,7950,DOWN,-1.0,931,-0.001074,0,1,0,-2.0,3,7950.1,7950.2,7950.1,7950.2,1,0
1774722678,7950.1,UP,1.0,1048,0.000954,1,0,1,2.0,1,7950.2,7950.1,7950.2,7950.1,0,1
1774722678,7950.1,UP,1.0,1048,0.000954,1,0,1,2.0,2,7950.1,7950.2,7950.1,7950.2,1,0
1774722678,7950.1,UP,1.0,1048,0.000954,1,0,1,2.0,3,7950.2,7950.1,7950.2,7950.1,0,1
1774722679,7950.2,UP,1.0,944,0.001059,2,0,2,-0.0,1,7950.1,7950.2,7950.1,7950.2,1,0
1774722679,7950.2,UP,1.0,944,0.001059,2,0,2,-0.0,2,7950.2,7950.1,7950.2,7950.1,0,1
1774722679,7950.2,UP,1.0,944,0.001059,2,0,2,-0.0,3,7950.1,7950.2,7950.1,7950.2,1,0
1774722680,7950.1,DOWN,-1.0,1085,-0.000922,0,1,1,-2.0,1,7950.2,7950.1,7950.2,7950.1,0,1
1774722680,7950.1,DOWN,-1.0,1085,-0.000922,0,1,1,-2.0,2,7950.1,7950.2,7950.1,7950.2,1,0
1774722680,7950.1,DOWN,-1.0,1085,-0.000922,0,1,1,-2.0,3,7950.2,7950.1,7950.2,7950.1,0,1
1774722681,7950.2,UP,1.0,921,0.001086,1,0,2,2.0,1,7950.1,7950.2,7950.1,7950.2,1,0
1774722681,7950.2,UP,1.0,921,0.001086,1,0,2,2.0,2,7950.2,7950.1,7950.2,7950.1,0,1
1774722681,7950.2,UP,1.0,921,0.001086,1,0,2,2.0,3,7950.1,7950.2,7950.1,7950,0,1
1774722682,7950.1,DOWN,-1.0,1055,-0.000948,0,1,1,-2.0,1,7950.2,7950.1,7950.2,7950.1,0,1
1774722682,7950.1,DOWN,-1.0,1055,-0.000948,0,1,1,-2.0,2,7950.1,7950.2,7950.1,7950,0,1
1774722682,7950.1,DOWN,-1.0,1055,-0.000948,0,1,1,-2.0,3,7950.2,7950.1,7950,7949.9,0,1
1774722683,7950.2,UP,1.0,988,0.001012,1,0,2,2.0,1,7950.1,7950.2,7950.1,7950,0,1
1774722683,7950.2,UP,1.0,988,0.001012,1,0,2,2.0,2,7950.2,7950.1,7950,7949.9,0,1
1774722683,7950.2,UP,1.0,988,0.001012,1,0,2,2.0,3,7950.1,7950,7949.9,7950,0,1
1774722684,7950.1,DOWN,-1.0,1022,-0.000978,0,1,1,-2.0,1,7950.2,7950.1,7950,7949.9,0,1
1774722684,7950.1,DOWN,-1.0,1022,-0.000978,0,1,1,-2.0,2,7950.1,7950,7949.9,7950,0,1
1774722684,7950.1,DOWN,-1.0,1022,-0.000978,0,1,1,-2.0,3,7950,7949.9,7950,7950.1,1,0
1774722685,7950.2,UP,1.0,958,0.001044,1,0,2,2.0,1,7950.1,7950,7949.9,7950,0,1
1774722685,7950.2,UP,1.0,958,0.001044,1,0,2,2.0,2,7950,7949.9,7950,7950.1,1,0
1774722685,7950.2,UP,1.0,958,0.001044,1,0,2,2.0,3,7949.9,7950,7950.1,7950.2,1,0
1774722686,7950.1,DOWN,-1.0,1022,-0.000978,0,1,1,-2.0,1,7950,7949.9,7950,7950.1,1,0
1774722686,7950.1,DOWN,-1.0,1022,-0.000978,0,1,1,-2.0,2,7949.9,7950,7950.1,7950.2,1,0
1774722686,7950.1,DOWN,-1.0,1022,-0.000978,0,1,1,-2.0,3,7950,7950.1,7950.2,7950.3,1,0
1774722687,7950,DOWN,-1.0,952,-0.001050,0,2,0,-0.0,1,7949.9,7950,7950.1,7950.2,1,0
1774722687,7950,DOWN,-1.0,952,-0.001050,0,2,0,-0.0,2,7950,7950.1,7950.2,7950.3,1,0
1774722687,7950,DOWN,-1.0,952,-0.001050,0,2,0,-0.0,3,7950.1,7950.2,7950.3,7950.2,1,0
1774722688,7949.9,DOWN,-1.0,1056,-0.000947,0,3,9,0.0,1,7950,7950.1,7950.2,7950.3,1,0
1774722688,7949.9,DOWN,-1.0,1056,-0.000947,0,3,9,0.0,2,7950.1,7950.2,7950.3,7950.2,1,0
1774722688,7949.9,DOWN,-1.0,1056,-0.000947,0,3,9,0.0,3,7950.2,7950.3,7950.2,7950.3,1,0
1774722689,7950,UP,1.0,947,0.001056,1,0,0,2.0,1,7950.1,7950.2,7950.3,7950.2,1,0
1774722689,7950,UP,1.0,947,0.001056,1,0,0,2.0,2,7950.2,7950.3,7950.2,7950.3,1,0
1774722689,7950,UP,1.0,947,0.001056,1,0,0,2.0,3,7950.3,7950.2,7950.3,7950.2,0,1
1774722690,7950.1,UP,1.0,1046,0.000956,2,0,1,0.0,1,7950.2,7950.3,7950.2,7950.3,1,0
1774722690,7950.1,UP,1.0,1046,0.000956,2,0,1,0.0,2,7950.3,7950.2,7950.3,7950.2,0,1
1774722690,7950.1,UP,1.0,1046,0.000956,2,0,1,0.0,3,7950.2,7950.3,7950.2,7950.1,0,1
1774722691,7950.2,UP,1.0,950,0.001053,3,0,2,-0.0,1,7950.3,7950.2,7950.3,7950.2,0,1
1774722691,7950.2,UP,1.0,950,0.001053,3,0,2,-0.0,2,7950.2,7950.3,7950.2,7950.1,0,1
1774722691,7950.2,UP,1.0,950,0.001053,3,0,2,-0.0,3,7950.3,7950.2,7950.1,7950.2,0,1
1774722692,7950.3,UP,1.0,1068,0.000936,4,0,3,0.0,1,7950.2,7950.3,7950.2,7950.1,0,1
1774722692,7950.3,UP,1.0,1068,0.000936,4,0,3,0.0,2,7950.3,7950.2,7950.1,7950.2,0,1
1774722692,7950.3,UP,1.0,1068,0.000936,4,0,3,0.0,3,7950.2,7950.1,7950.2,7950.3,1,0
1774722693,7950.2,DOWN,-1.0,929,-0.001076,0,1,2,-2.0,1,7950.3,7950.2,7950.1,7950.2,0,1
1774722693,7950.2,DOWN,-1.0,929,-0.001076,0,1,2,-2.0,2,7950.2,7950.1,7950.2,7950.3,1,0
1774722693,7950.2,DOWN,-1.0,929,-0.001076,0,1,2,-2.0,3,7950.1,7950.2,7950.3,7950.4,1,0
1774722694,7950.3,UP,1.0,1074,0.000931,1,0,3,2.0,1,7950.2,7950.1,7950.2,7950.3,1,0
1774722694,7950.3,UP,1.0,1074,0.000931,1,0,3,2.0,2,7950.1,7950.2,7950.3,7950.4,1,0
1774722694,7950.3,UP,1.0,1074,0.000931,1,0,3,2.0,3,7950.2,7950.3,7950.4,7950.3,1,0
1774722695,7950.2,DOWN,-1.0,1043,-0.000959,0,1,2,-2.0,1,7950.1,7950.2,7950.3,7950.4,1,0
1774722695,7950.2,DOWN,-1.0,1043,-0.000959,0,1,2,-2.0,2,7950.2,7950.3,7950.4,7950.3,1,0
1774722695,7950.2,DOWN,-1.0,1043,-0.000959,0,1,2,-2.0,3,7950.3,7950.4,7950.3,7950.4,1,0
1774722696,7950.1,DOWN,-1.0,955,-0.001047,0,2,1,0.0,1,7950.2,7950.3,7950.4,7950.3,1,0
1774722696,7950.1,DOWN,-1.0,955,-0.001047,0,2,1,0.0,2,7950.3,7950.4,7950.3,7950.4,1,0
1774722696,7950.1,DOWN,-1.0,955,-0.001047,0,2,1,0.0,3,7950.4,7950.3,7950.4,7950.5,1,0
1774722697,7950.2,UP,1.0,943,0.001060,1,0,2,2.0,1,7950.3,7950.4,7950.3,7950.4,1,0
1774722697,7950.2,UP,1.0,943,0.001060,1,0,2,2.0,2,7950.4,7950.3,7950.4,7950.5,1,0
1774722697,7950.2,UP,1.0,943,0.001060,1,0,2,2.0,3,7950.3,7950.4,7950.5,7950.6,1,0
1774722698,7950.3,UP,1.0,1061,0.000943,2,0,3,0.0,1,7950.4,7950.3,7950.4,7950.5,1,0
1774722698,7950.3,UP,1.0,1061,0.000943,2,0,3,0.0,2,7950.3,7950.4,7950.5,7950.6,1,0
1774722698,7950.3,UP,1.0,1061,0.000943,2,0,3,0.0,3,7950.4,7950.5,7950.6,7950.7,1,0
1774722699,7950.4,UP,1.0,932,0.001073,3,0,4,-0.0,1,7950.3,7950.4,7950.5,7950.6,1,0
1774722699,7950.4,UP,1.0,932,0.001073,3,0,4,-0.0,2,7950.4,7950.5,7950.6,7950.7,1,0
1774722699,7950.4,UP,1.0,932,0.001073,3,0,4,-0.0,3,7950.5,7950.6,7950.7,7950.6,1,0
1774722700,7950.3,DOWN,-1.0,1059,-0.000944,0,1,3,-2.0,1,7950.4,7950.5,7950.6,7950.7,1,0
1774722700,7950.3,DOWN,-1.0,1059,-0.000944,0,1,3,-2.0,2,7950.5,7950.6,7950.7,7950.6,1,0
1774722700,7950.3,DOWN,-1.0,1059,-0.000944,0,1,3,-2.0,3,7950.6,7950.7,7950.6,7950.7,1,0
1774722701,7950.4,UP,1.0,935,0.001070,1,0,4,2.0,1,7950.5,7950.6,7950.7,7950.6,1,0
1774722701,7950.4,UP,1.0,935,0.001070,1,0,4,2.0,2,7950.6,7950.7,7950.6,7950.7,1,0
1774722701,7950.4,UP,1.0,935,0.001070,1,0,4,2.0,3,7950.7,7950.6,7950.7,7950.6,0,1
1774722702,7950.5,UP,1.0,1075,0.000930,2,0,5,0.0,1,7950.6,7950.7,7950.6,7950.7,1,0
1774722702,7950.5,UP,1.0,1075,0.000930,2,0,5,0.0,2,7950.7,7950.6,7950.7,7950.6,0,1
1774722702,7950.5,UP,1.0,1075,0.000930,2,0,5,0.0,3,7950.6,7950.7,7950.6,7950.7,1,0
1774722703,7950.6,UP,1.0,921,0.001086,3,0,6,0.0,1,7950.7,7950.6,7950.7,7950.6,0,1
1774722703,7950.6,UP,1.0,921,0.001086,3,0,6,0.0,2,7950.6,7950.7,7950.6,7950.7,1,0
1774722703,7950.6,UP,1.0,921,0.001086,3,0,6,0.0,3,7950.7,7950.6,7950.7,7950.6,0,1
1774722704,7950.7,UP,1.0,1053,0.000950,4,0,7,-0.0,1,7950.6,7950.7,7950.6,7950.7,1,0
1774722704,7950.7,UP,1.0,1053,0.000950,4,0,7,-0.0,2,7950.7,7950.6,7950.7,7950.6,0,1
1774722704,7950.7,UP,1.0,1053,0.000950,4,0,7,-0.0,3,7950.6,7950.7,7950.6,7950.7,1,0
1774722705,7950.6,DOWN,-1.0,967,-0.001034,0,1,6,-2.0,1,7950.7,7950.6,7950.7,7950.6,0,1
1774722705,7950.6,DOWN,-1.0,967,-0.001034,0,1,6,-2.0,2,7950.6,7950.7,7950.6,7950.7,1,0
1774722705,7950.6,DOWN,-1.0,967,-0.001034,0,1,6,-2.0,3,7950.7,7950.6,7950.7,7950.6,0,1
1774722706,7950.7,UP,1.0,1057,0.000946,1,0,7,2.0,1,7950.6,7950.7,7950.6,7950.7,1,0
1774722706,7950.7,UP,1.0,1057,0.000946,1,0,7,2.0,2,7950.7,7950.6,7950.7,7950.6,0,1
1774722706,7950.7,UP,1.0,1057,0.000946,1,0,7,2.0,3,7950.6,7950.7,7950.6,7950.5,0,1
1774722707,7950.6,DOWN,-1.0,934,-0.001071,0,1,6,-2.0,1,7950.7,7950.6,7950.7,7950.6,0,1
1774722707,7950.6,DOWN,-1.0,934,-0.001071,0,1,6,-2.0,2,7950.6,7950.7,7950.6,7950.5,0,1
1774722707,7950.6,DOWN,-1.0,934,-0.001071,0,1,6,-2.0,3,7950.7,7950.6,7950.5,7950.6,0,1
1774722708,7950.7,UP,1.0,1070,0.000935,1,0,7,2.0,1,7950.6,7950.7,7950.6,7950.5,0,1
1774722708,7950.7,UP,1.0,1070,0.000935,1,0,7,2.0,2,7950.7,7950.6,7950.5,7950.6,0,1
1774722708,7950.7,UP,1.0,1070,0.000935,1,0,7,2.0,3,7950.6,7950.5,7950.6,7950.7,1,0
1774722709,7950.6,DOWN,-1.0,935,-0.001070,0,1,6,-2.0,1,7950.7,7950.6,7950.5,7950.6,0,1
1774722709,7950.6,DOWN,-1.0,935,-0.001070,0,1,6,-2.0,2,7950.6,7950.5,7950.6,7950.7,1,0
1774722709,7950.6,DOWN,-1.0,935,-0.001070,0,1,6,-2.0,3,7950.5,7950.6,7950.7,7950.8,1,0
1774722710,7950.7,UP,1.0,1053,0.000950,1,0,7,2.0,1,7950.6,7950.5,7950.6,7950.7,1,0
1774722710,7950.7,UP,1.0,1053,0.000950,1,0,7,2.0,2,7950.5,7950.6,7950.7,7950.8,1,0
1774722710,7950.7,UP,1.0,1053,0.000950,1,0,7,2.0,3,7950.6,7950.7,7950.8,7950.9,1,0
1774722711,7950.6,DOWN,-1.0,947,-0.001056,0,1,6,-2.0,1,7950.5,7950.6,7950.7,7950.8,1,0
1774722711,7950.6,DOWN,-1.0,947,-0.001056,0,1,6,-2.0,2,7950.6,7950.7,7950.8,7950.9,1,0
1774722711,7950.6,DOWN,-1.0,947,-0.001056,0,1,6,-2.0,3,7950.7,7950.8,7950.9,7951,1,0
1774722712,7950.5,DOWN,-1.0,1049,-0.000953,0,2,5,-0.0,1,7950.6,7950.7,7950.8,7950.9,1,0
1774722712,7950.5,DOWN,-1.0,1049,-0.000953,0,2,5,-0.0,2,7950.7,7950.8,7950.9,7951,1,0
1774722712,7950.5,DOWN,-1.0,1049,-0.000953,0,2,5,-0.0,3,7950.8,7950.9,7951,7951.1,1,0
1774722713,7950.6,UP,1.0,941,0.001063,1,0,6,2.0,1,7950.7,7950.8,7950.9,7951,1,0
1774722713,7950.6,UP,1.0,941,0.001063,1,0,6,2.0,2,7950.8,7950.9,7951,7951.1,1,0
1774722713,7950.6,UP,1.0,941,0.001063,1,0,6,2.0,3,7950.9,7951,7951.1,7951,1,0
1774722714,7950.7,UP,1.0,1059,0.000944,2,0,7,-0.0,1,7950.8,7950.9,7951,7951.1,1,0
1774722714,7950.7,UP,1.0,1059,0.000944,2,0,7,-0.0,2,7950.9,7951,7951.1,7951,1,0
1774722714,7950.7,UP,1.0,1059,0.000944,2,0,7,-0.0,3,7951,7951.1,7951,7950.9,0,1
1774722715,7950.8,UP,1.0,941,0.001063,3,0,8,0.0,1,7950.9,7951,7951.1,7951,1,0
1774722715,7950.8,UP,1.0,941,0.001063,3,0,8,0.0,2,7951,7951.1,7951,7950.9,0,1
1774722715,7950.8,UP,1.0,941,0.001063,3,0,8,0.0,3,7951.1,7951,7950.9,7950.8,0,1
1774722716,7950.9,UP,1.0,1066,0.000938,4,0,9,-0.0,1,7951,7951.1,7951,7950.9,0,1
1774722716,7950.9,UP,1.0,1066,0.000938,4,0,9,-0.0,2,7951.1,7951,7950.9,7950.8,0,1
1774722716,7950.9,UP,1.0,1066,0.000938,4,0,9,-0.0,3,7951,7950.9,7950.8,7950.9,0,1
1774722717,7951,UP,1.0,922,0.001085,5,0,0,0.0,1,7951.1,7951,7950.9,7950.8,0,1
1774722717,7951,UP,1.0,922,0.001085,5,0,0,0.0,2,7951,7950.9,7950.8,7950.9,0,1
1774722717,7951,UP,1.0,922,0.001085,5,0,0,0.0,3,7950.9,7950.8,7950.9,7951,1,0
1774722718,7951.1,UP,1.0,1075,0.000930,6,0,1,0.0,1,7951,7950.9,7950.8,7950.9,0,1
1774722718,7951.1,UP,1.0,1075,0.000930,6,0,1,0.0,2,7950.9,7950.8,7950.9,7951,1,0
1774722718,7951.1,UP,1.0,1075,0.000930,6,0,1,0.0,3,7950.8,7950.9,7951,7951.1,1,0
1774722719,7951,DOWN,-1.0,969,-0.001032,0,1,0,-2.0,1,7950.9,7950.8,7950.9,7951,1,0
1774722719,7951,DOWN,-1.0,969,-0.001032,0,1,0,-2.0,2,7950.8,7950.9,7951,7951.1,1,0
1774722719,7951,DOWN,-1.0,969,-0.001032,0,1,0,-2.0,3,7950.9,7951,7951.1,7951.2,1,0
1774722720,7950.9,DOWN,-1.0,1035,-0.000966,0,2,9,0.0,1,7950.8,7950.9,7951,7951.1,1,0
1774722720,7950.9,DOWN,-1.0,1035,-0.000966,0,2,9,0.0,2,7950.9,7951,7951.1,7951.2,1,0
1774722720,7950.9,DOWN,-1.0,1035,-0.000966,0,2,9,0.0,3,7951,7951.1,7951.2,7951.1,1,0
1774722721,7950.8,DOWN,-1.0,929,-0.001076,0,3,8,0.0,1,7950.9,7951,7951.1,7951.2,1,0
1774722721,7950.8,DOWN,-1.0,929,-0.001076,0,3,8,0.0,2,7951,7951.1,7951.2,7951.1,1,0
1774722721,7950.8,DOWN,-1.0,929,-0.001076,0,3,8,0.0,3,7951.1,7951.2,7951.1,7951,0,1
1774722722,7950.9,UP,1.0,1062,0.000942,1,0,9,2.0,1,7951,7951.1,7951.2,7951.1,1,0
1774722722,7950.9,UP,1.0,1062,0.000942,1,0,9,2.0,2,7951.1,7951.2,7951.1,7951,0,1
1774722722,7950.9,UP,1.0,1062,0.000942,1,0,9,2.0,3,7951.2,7951.1,7951,7951.1,0,1
1774722723,7951,UP,1.0,952,0.001050,2,0,0,0.0,1,7951.1,7951.2,7951.1,7951,0,1
1774722723,7951,UP,1.0,952,0.001050,2,0,0,0.0,2,7951.2,7951.1,7951,7951.1,0,1
1774722723,7951,UP,1.0,952,0.001050,2,0,0,0.0,3,7951.1,7951,7951.1,7951,0,1
1774722724,7951.1,UP,1.0,1039,0.000962,3,0,1,0.0,1,7951.2,7951.1,7951,7951.1,0,1
1774722724,7951.1,UP,1.0,1039,0.000962,3,0,1,0.0,2,7951.1,7951,7951.1,7951,0,1
1774722724,7951.1,UP,1.0,1039,0.000962,3,0,1,0.0,3,7951,7951.1,7951,7951.1,1,0
1774722725,7951.2,UP,1.0,951,0.001052,4,0,2,-0.0,1,7951.1,7951,7951.1,7951,0,1
1774722725,7951.2,UP,1.0,951,0.001052,4,0,2,-0.0,2,7951,7951.1,7951,7951.1,1,0
1774722725,7951.2,UP,1.0,951,0.001052,4,0,2,-0.0,3,7951.1,7951,7951.1,7951.2,1,0
1774722726,7951.1,DOWN,-1.0,1135,-0.000881,0,1,1,-2.0,1,7951,7951.1,7951,7951.1,1,0
1774722726,7951.1,DOWN,-1.0,1135,-0.000881,0,1,1,-2.0,2,7951.1,7951,7951.1,7951.2,1,0
1774722726,7951.1,DOWN,-1.0,1135,-0.000881,0,1,1,-2.0,3,7951,7951.1,7951.2,7951.3,1,0
1774722727,7951,DOWN,-1.0,915,-0.001093,0,2,0,-0.0,1,7951.1,7951,7951.1,7951.2,1,0
1774722727,7951,DOWN,-1.0,915,-0.001093,0,2,0,-0.0,2,7951,7951.1,7951.2,7951.3,1,0
1774722727,7951,DOWN,-1.0,915,-0.001093,0,2,0,-0.0,3,7951.1,7951.2,7951.3,7951.2,1,0
1774722728,7951.1,UP,1.0,1005,0.000995,1,0,1,2.0,1,7951,7951.1,7951.2,7951.3,1,0
1774722728,7951.1,UP,1.0,1005,0.000995,1,0,1,2.0,2,7951.1,7951.2,7951.3,7951.2,1,0
1774722728,7951.1,UP,1.0,1005,0.000995,1,0,1,2.0,3,7951.2,7951.3,7951.2,7951.3,1,0
1774722729,7951,DOWN,-1.0,943,-0.001060,0,1,0,-2.0,1,7951.1,7951.2,7951.3,7951.2,1,0
1774722729,7951,DOWN,-1.0,943,-0.001060,0,1,0,-2.0,2,7951.2,7951.3,7951.2,7951.3,1,0
1774722729,7951,DOWN,-1.0,943,-0.001060,0,1,0,-2.0,3,7951.3,7951.2,7951.3,7951.2,0,1
1774722730,7951.1,UP,1.0,1073,0.000932,1,0,1,2.0,1,7951.2,7951.3,7951.2,7951.3,1,0
1774722730,7951.1,UP,1.0,1073,0.000932,1,0,1,2.0,2,7951.3,7951.2,7951.3,7951.2,0,1
1774722730,7951.1,UP,1.0,1073,0.000932,1,0,1,2.0,3,7951.2,7951.3,7951.2,7951.3,1,0
1774722731,7951.2,UP,1.0,923,0.001083,2,0,2,-0.0,1,7951.3,7951.2,7951.3,7951.2,0,1
1774722731,7951.2,UP,1.0,923,0.001083,2,0,2,-0.0,2,7951.2,7951.3,7951.2,7951.3,1,0
1774722731,7951.2,UP,1.0,923,0.001083,2,0,2,-0.0,3,7951.3,7951.2,7951.3,7951.2,0,1
1774722732,7951.3,UP,1.0,1133,0.000883,3,0,3,0.0,1,7951.2,7951.3,7951.2,7951.3,1,0
1774722732,7951.3,UP,1.0,1133,0.000883,3,0,3,0.0,2,7951.3,7951.2,7951.3,7951.2,0,1
1774722732,7951.3,UP,1.0,1133,0.000883,3,0,3,0.0,3,7951.2,7951.3,7951.2,7951.1,0,1
1774722733,7951.2,DOWN,-1.0,897,-0.001115,0,1,2,-2.0,1,7951.3,7951.2,7951.3,7951.2,0,1
1774722733,7951.2,DOWN,-1.0,897,-0.001115,0,1,2,-2.0,2,7951.2,7951.3,7951.2,7951.1,0,1
1774722733,7951.2,DOWN,-1.0,897,-0.001115,0,1,2,-2.0,3,7951.3,7951.2,7951.1,7951,0,1
1774722734,7951.3,UP,1.0,1042,0.000960,1,0,3,2.0,1,7951.2,7951.3,7951.2,7951.1,0,1
1774722734,7951.3,UP,1.0,1042,0.000960,1,0,3,2.0,2,7951.3,7951.2,7951.1,7951,0,1
1774722734,7951.3,UP,1.0,1042,0.000960,1,0,3,2.0,3,7951.2,7951.1,7951,7950.9,0,1
1774722735,7951.2,DOWN,-1.0,948,-0.001055,0,1,2,-2.0,1,7951.3,7951.2,7951.1,7951,0,1
1774722735,7951.2,DOWN,-1.0,948,-0.001055,0,1,2,-2.0,2,7951.2,7951.1,7951,7950.9,0,1
1774722735,7951.2,DOWN,-1.0,948,-0.001055,0,1,2,-2.0,3,7951.1,7951,7950.9,7950.8,0,1
1774722736,7951.3,UP,1.0,1067,0.000937,1,0,3,2.0,1,7951.2,7951.1,7951,7950.9,0,1
1774722736,7951.3,UP,1.0,1067,0.000937,1,0,3,2.0,2,7951.1,7951,7950.9,7950.8,0,1
1774722736,7951.3,UP,1.0,1067,0.000937,1,0,3,2.0,3,7951,7950.9,7950.8,7950.9,0,1
1774722737,7951.2,DOWN,-1.0,959,-0.001043,0,1,2,-2.0,1,7951.1,7951,7950.9,7950.8,0,1
1774722737,7951.2,DOWN,-1.0,959,-0.001043,0,1,2,-2.0,2,7951,7950.9,7950.8,7950.9,0,1
1774722737,7951.2,DOWN,-1.0,959,-0.001043,0,1,2,-2.0,3,7950.9,7950.8,7950.9,7950.8,0,1
1774722738,7951.1,DOWN,-1.0,1023,-0.000978,0,2,1,0.0,1,7951,7950.9,7950.8,7950.9,0,1
1774722738,7951.1,DOWN,-1.0,1023,-0.000978,0,2,1,0.0,2,7950.9,7950.8,7950.9,7950.8,0,1
1774722738,7951.1,DOWN,-1.0,1023,-0.000978,0,2,1,0.0,3,7950.8,7950.9,7950.8,7950.9,1,0
1774722739,7951,DOWN,-1.0,958,-0.001044,0,3,0,-0.0,1,7950.9,7950.8,7950.9,7950.8,0,1
1774722739,7951,DOWN,-1.0,958,-0.001044,0,3,0,-0.0,2,7950.8,7950.9,7950.8,7950.9,1,0
1774722739,7951,DOWN,-1.0,958,-0.001044,0,3,0,-0.0,3,7950.9,7950.8,7950.9,7951,1,0
1774722740,7950.9,DOWN,-1.0,1082,-0.000924,0,4,9,0.0,1,7950.8,7950.9,7950.8,7950.9,1,0
1774722740,7950.9,DOWN,-1.0,1082,-0.000924,0,4,9,0.0,2,7950.9,7950.8,7950.9,7951,1,0
1774722740,7950.9,DOWN,-1.0,1082,-0.000924,0,4,9,0.0,3,7950.8,7950.9,7951,7951.1,1,0
1774722741,7950.8,DOWN,-1.0,914,-0.001094,0,5,8,0.0,1,7950.9,7950.8,7950.9,7951,1,0
1774722741,7950.8,DOWN,-1.0,914,-0.001094,0,5,8,0.0,2,7950.8,7950.9,7951,7951.1,1,0
1774722741,7950.8,DOWN,-1.0,914,-0.001094,0,5,8,0.0,3,7950.9,7951,7951.1,7951,1,0
1774722742,7950.9,UP,1.0,1098,0.000911,1,0,9,2.0,1,7950.8,7950.9,7951,7951.1,1,0
1774722742,7950.9,UP,1.0,1098,0.000911,1,0,9,2.0,2,7950.9,7951,7951.1,7951,1,0
1774722742,7950.9,UP,1.0,1098,0.000911,1,0,9,2.0,3,7951,7951.1,7951,7950.9,0,1
1774722743,7950.8,DOWN,-1.0,916,-0.001092,0,1,8,-2.0,1,7950.9,7951,7951.1,7951,1,0
1774722743,7950.8,DOWN,-1.0,916,-0.001092,0,1,8,-2.0,2,7951,7951.1,7951,7950.9,0,1
1774722743,7950.8,DOWN,-1.0,916,-0.001092,0,1,8,-2.0,3,7951.1,7951,7950.9,7951,0,1
1774722744,7950.9,UP,1.0,1047,0.000955,1,0,9,2.0,1,7951,7951.1,7951,7950.9,0,1
1774722744,7950.9,UP,1.0,1047,0.000955,1,0,9,2.0,2,7951.1,7951,7950.9,7951,0,1
1774722744,7950.9,UP,1.0,1047,0.000955,1,0,9,2.0,3,7951,7950.9,7951,7950.9,0,1
1774722745,7951,UP,1.0,935,0.001070,2,0,0,0.0,1,7951.1,7951,7950.9,7951,0,1
1774722745,7951,UP,1.0,935,0.001070,2,0,0,0.0,2,7951,7950.9,7951,7950.9,0,1
1774722745,7951,UP,1.0,935,0.001070,2,0,0,0.0,3,7950.9,7951,7950.9,7951,1,0
1774722746,7951.1,UP,1.0,1073,0.000932,3,0,1,0.0,1,7951,7950.9,7951,7950.9,0,1
1774722746,7951.1,UP,1.0,1073,0.000932,3,0,1,0.0,2,7950.9,7951,7950.9,7951,1,0
1774722746,7951.1,UP,1.0,1073,0.000932,3,0,1,0.0,3,7951,7950.9,7951,7950.9,0,1
1774722747,7951,DOWN,-1.0,959,-0.001043,0,1,0,-2.0,1,7950.9,7951,7950.9,7951,1,0
1774722747,7951,DOWN,-1.0,959,-0.001043,0,1,0,-2.0,2,7951,7950.9,7951,7950.9,0,1
1774722747,7951,DOWN,-1.0,959,-0.001043,0,1,0,-2.0,3,7950.9,7951,7950.9,7951,1,0
1774722748,7950.9,DOWN,-1.0,1094,-0.000914,0,2,9,0.0,1,7951,7950.9,7951,7950.9,0,1
1774722748,7950.9,DOWN,-1.0,1094,-0.000914,0,2,9,0.0,2,7950.9,7951,7950.9,7951,1,0
1774722748,7950.9,DOWN,-1.0,1094,-0.000914,0,2,9,0.0,3,7951,7950.9,7951,7951.1,1,0
1774722749,7951,UP,1.0,889,0.001125,1,0,0,2.0,1,7950.9,7951,7950.9,7951,1,0
1774722749,7951,UP,1.0,889,0.001125,1,0,0,2.0,2,7951,7950.9,7951,7951.1,1,0
1774722749,7951,UP,1.0,889,0.001125,1,0,0,2.0,3,7950.9,7951,7951.1,7951,1,0
1774722750,7950.9,DOWN,-1.0,1045,-0.000957,0,1,9,-2.0,1,7951,7950.9,7951,7951.1,1,0
1774722750,7950.9,DOWN,-1.0,1045,-0.000957,0,1,9,-2.0,2,7950.9,7951,7951.1,7951,1,0
1774722750,7950.9,DOWN,-1.0,1045,-0.000957,0,1,9,-2.0,3,7951,7951.1,7951,7950.9,0,1
1774722751,7951,UP,1.0,946,0.001057,1,0,0,2.0,1,7950.9,7951,7951.1,7951,1,0
1774722751,7951,UP,1.0,946,0.001057,1,0,0,2.0,2,7951,7951.1,7951,7950.9,0,1
1774722751,7951,UP,1.0,946,0.001057,1,0,0,2.0,3,7951.1,7951,7950.9,7951,0,1
1774722752,7950.9,DOWN,-1.0,1104,-0.000906,0,1,9,-2.0,1,7951,7951.1,7951,7950.9,0,1
1774722752,7950.9,DOWN,-1.0,1104,-0.000906,0,1,9,-2.0,2,7951.1,7951,7950.9,7951,0,1
1774722752,7950.9,DOWN,-1.0,1104,-0.000906,0,1,9,-2.0,3,7951,7950.9,7951,7950.9,0,1
1774722753,7951,UP,1.0,899,0.001112,1,0,0,2.0,1,7951.1,7951,7950.9,7951,0,1
1774722753,7951,UP,1.0,899,0.001112,1,0,0,2.0,2,7951,7950.9,7951,7950.9,0,1
1774722753,7951,UP,1.0,899,0.001112,1,0,0,2.0,3,7950.9,7951,7950.9,7951,1,0
1774722754,7951.1,UP,1.0,1081,0.000925,2,0,1,0.0,1,7951,7950.9,7951,7950.9,0,1
1774722754,7951.1,UP,1.0,1081,0.000925,2,0,1,0.0,2,7950.9,7951,7950.9,7951,1,0
1774722754,7951.1,UP,1.0,1081,0.000925,2,0,1,0.0,3,7951,7950.9,7951,7951.1,1,0
1774722755,7951,DOWN,-1.0,919,-0.001088,0,1,0,-2.0,1,7950.9,7951,7950.9,7951,1,0
1774722755,7951,DOWN,-1.0,919,-0.001088,0,1,0,-2.0,2,7951,7950.9,7951,7951.1,1,0
1774722755,7951,DOWN,-1.0,919,-0.001088,0,1,0,-2.0,3,7950.9,7951,7951.1,7951.2,1,0
1774722756,7950.9,DOWN,-1.0,1064,-0.000940,0,2,9,0.0,1,7951,7950.9,7951,7951.1,1,0
1774722756,7950.9,DOWN,-1.0,1064,-0.000940,0,2,9,0.0,2,7950.9,7951,7951.1,7951.2,1,0
1774722756,7950.9,DOWN,-1.0,1064,-0.000940,0,2,9,0.0,3,7951,7951.1,7951.2,7951.1,1,0
1774722757,7951,UP,1.0,945,0.001058,1,0,0,2.0,1,7950.9,7951,7951.1,7951.2,1,0
1774722757,7951,UP,1.0,945,0.001058,1,0,0,2.0,2,7951,7951.1,7951.2,7951.1,1,0
1774722757,7951,UP,1.0,945,0.001058,1,0,0,2.0,3,7951.1,7951.2,7951.1,7951.2,1,0
1774722758,7950.9,DOWN,-1.0,1045,-0.000957,0,1,9,-2.0,1,7951,7951.1,7951.2,7951.1,1,0
1774722758,7950.9,DOWN,-1.0,1045,-0.000957,0,1,9,-2.0,2,7951.1,7951.2,7951.1,7951.2,1,0
1774722758,7950.9,DOWN,-1.0,1045,-0.000957,0,1,9,-2.0,3,7951.2,7951.1,7951.2,7951.3,1,0
1774722759,7951,UP,1.0,936,0.001068,1,0,0,2.0,1,7951.1,7951.2,7951.1,7951.2,1,0
1774722759,7951,UP,1.0,936,0.001068,1,0,0,2.0,2,7951.2,7951.1,7951.2,7951.3,1,0
1774722759,7951,UP,1.0,936,0.001068,1,0,0,2.0,3,7951.1,7951.2,7951.3,7951.2,1,0
1774722760,7951.1,UP,1.0,1079,0.000927,2,0,1,0.0,1,7951.2,7951.1,7951.2,7951.3,1,0
1774722760,7951.1,UP,1.0,1079,0.000927,2,0,1,0.0,2,7951.1,7951.2,7951.3,7951.2,1,0
1774722760,7951.1,UP,1.0,1079,0.000927,2,0,1,0.0,3,7951.2,7951.3,7951.2,7951.3,1,0
1774722761,7951.2,UP,1.0,934,0.001071,3,0,2,-0.0,1,7951.1,7951.2,7951.3,7951.2,1,0
1774722761,7951.2,UP,1.0,934,0.001071,3,0,2,-0.0,2,7951.2,7951.3,7951.2,7951.3,1,0
1774722761,7951.2,UP,1.0,934,0.001071,3,0,2,-0.0,3,7951.3,7951.2,7951.3,7951.2,0,1
1774722762,7951.1,DOWN,-1.0,1063,-0.000941,0,1,1,-2.0,1,7951.2,7951.3,7951.2,7951.3,1,0
1774722762,7951.1,DOWN,-1.0,1063,-0.000941,0,1,1,-2.0,2,7951.3,7951.2,7951.3,7951.2,0,1
1774722762,7951.1,DOWN,-1.0,1063,-0.000941,0,1,1,-2.0,3,7951.2,7951.3,7951.2,7951.3,1,0
1774722763,7951.2,UP,1.0,903,0.001107,1,0,2,2.0,1,7951.3,7951.2,7951.3,7951.2,0,1
1774722763,7951.2,UP,1.0,903,0.001107,1,0,2,2.0,2,7951.2,7951.3,7951.2,7951.3,1,0
1774722763,7951.2,UP,1.0,903,0.001107,1,0,2,2.0,3,7951.3,7951.2,7951.3,7951.4,1,0
1774722764,7951.3,UP,1.0,1087,0.000920,2,0,3,0.0,1,7951.2,7951.3,7951.2,7951.3,1,0
1774722764,7951.3,UP,1.0,1087,0.000920,2,0,3,0.0,2,7951.3,7951.2,7951.3,7951.4,1,0
1774722764,7951.3,UP,1.0,1087,0.000920,2,0,3,0.0,3,7951.2,7951.3,7951.4,7951.5,1,0
1774722765,7951.2,DOWN,-1.0,925,-0.001081,0,1,2,-2.0,1,7951.3,7951.2,7951.3,7951.4,1,0
1774722765,7951.2,DOWN,-1.0,925,-0.001081,0,1,2,-2.0,2,7951.2,7951.3,7951.4,7951.5,1,0
1774722765,7951.2,DOWN,-1.0,925,-0.001081,0,1,2,-2.0,3,7951.3,7951.4,7951.5,7951.4,1,0
1774722766,7951.3,UP,1.0,1070,0.000935,1,0,3,2.0,1,7951.2,7951.3,7951.4,7951.5,1,0
1774722766,7951.3,UP,1.0,1070,0.000935,1,0,3,2.0,2,7951.3,7951.4,7951.5,7951.4,1,0
1774722766,7951.3,UP,1.0,1070,0.000935,1,0,3,2.0,3,7951.4,7951.5,7951.4,7951.3,0,1
1774722767,7951.2,DOWN,-1.0,927,-0.001079,0,1,2,-2.0,1,7951.3,7951.4,7951.5,7951.4,1,0
1774722767,7951.2,DOWN,-1.0,927,-0.001079,0,1,2,-2.0,2,7951.4,7951.5,7951.4,7951.3,0,1
1774722767,7951.2,DOWN,-1.0,927,-0.001079,0,1,2,-2.0,3,7951.5,7951.4,7951.3,7951.2,0,1
1774722768,7951.3,UP,1.0,1050,0.000952,1,0,3,2.0,1,7951.4,7951.5,7951.4,7951.3,0,1
1774722768,7951.3,UP,1.0,1050,0.000952,1,0,3,2.0,2,7951.5,7951.4,7951.3,7951.2,0,1
1774722768,7951.3,UP,1.0,1050,0.000952,1,0,3,2.0,3,7951.4,7951.3,7951.2,7951.1,0,1
1774722769,7951.4,UP,1.0,946,0.001057,2,0,4,-0.0,1,7951.5,7951.4,7951.3,7951.2,0,1
1774722769,7951.4,UP,1.0,946,0.001057,2,0,4,-0.0,2,7951.4,7951.3,7951.2,7951.1,0,1
1774722769,7951.4,UP,1.0,946,0.001057,2,0,4,-0.0,3,7951.3,7951.2,7951.1,7951.2,0,1
1774722770,7951.5,UP,1.0,1058,0.000945,3,0,5,0.0,1,7951.4,7951.3,7951.2,7951.1,0,1
1774722770,7951.5,UP,1.0,1058,0.000945,3,0,5,0.0,2,7951.3,7951.2,7951.1,7951.2,0,1
1774722770,7951.5,UP,1.0,1058,0.000945,3,0,5,0.0,3,7951.2,7951.1,7951.2,7951.3,1,0
1774722771,7951.4,DOWN,-1.0,946,-0.001057,0,1,4,-2.0,1,7951.3,7951.2,7951.1,7951.2,0,1
1774722771,7951.4,DOWN,-1.0,946,-0.001057,0,1,4,-2.0,2,7951.2,7951.1,7951.2,7951.3,1,0
1774722771,7951.4,DOWN,-1.0,946,-0.001057,0,1,4,-2.0,3,7951.1,7951.2,7951.3,7951.2,1,0
1774722772,7951.3,DOWN,-1.0,1069,-0.000935,0,2,3,0.0,1,7951.2,7951.1,7951.2,7951.3,1,0
1774722772,7951.3,DOWN,-1.0,1069,-0.000935,0,2,3,0.0,2,7951.1,7951.2,7951.3,7951.2,1,0
1774722772,7951.3,DOWN,-1.0,1069,-0.000935,0,2,3,0.0,3,7951.2,7951.3,7951.2,7951.1,0,1
1774722773,7951.2,DOWN,-1.0,935,-0.001070,0,3,2,-0.0,1,7951.1,7951.2,7951.3,7951.2,1,0
1774722773,7951.2,DOWN,-1.0,935,-0.001070,0,3,2,-0.0,2,7951.2,7951.3,7951.2,7951.1,0,1
1774722773,7951.2,DOWN,-1.0,935,-0.001070,0,3,2,-0.0,3,7951.3,7951.2,7951.1,7951,0,1
1774722774,7951.1,DOWN,-1.0,1071,-0.000934,0,4,1,0.0,1,7951.2,7951.3,7951.2,7951.1,0,1
1774722774,7951.1,DOWN,-1.0,1071,-0.000934,0,4,1,0.0,2,7951.3,7951.2,7951.1,7951,0,1
1774722774,7951.1,DOWN,-1.0,1071,-0.000934,0,4,1,0.0,3,7951.2,7951.1,7951,7950.9,0,1
1774722775,7951.2,UP,1.0,924,0.001082,1,0,2,2.0,1,7951.3,7951.2,7951.1,7951,0,1
1774722775,7951.2,UP,1.0,924,0.001082,1,0,2,2.0,2,7951.2,7951.1,7951,7950.9,0,1
1774722775,7951.2,UP,1.0,924,0.001082,1,0,2,2.0,3,7951.1,7951,7950.9,7950.8,0,1
1774722776,7951.3,UP,1.0,1059,0.000944,2,0,3,0.0,1,7951.2,7951.1,7951,7950.9,0,1
1774722776,7951.3,UP,1.0,1059,0.000944,2,0,3,0.0,2,7951.1,7951,7950.9,7950.8,0,1
1774722776,7951.3,UP,1.0,1059,0.000944,2,0,3,0.0,3,7951,7950.9,7950.8,7950.7,0,1
1774722777,7951.2,DOWN,-1.0,933,-0.001072,0,1,2,-2.0,1,7951.1,7951,7950.9,7950.8,0,1
1774722777,7951.2,DOWN,-1.0,933,-0.001072,0,1,2,-2.0,2,7951,7950.9,7950.8,7950.7,0,1
1774722777,7951.2,DOWN,-1.0,933,-0.001072,0,1,2,-2.0,3,7950.9,7950.8,7950.7,7950.8,0,1
1774722778,7951.1,DOWN,-1.0,1051,-0.000951,0,2,1,0.0,1,7951,7950.9,7950.8,7950.7,0,1
1774722778,7951.1,DOWN,-1.0,1051,-0.000951,0,2,1,0.0,2,7950.9,7950.8,7950.7,7950.8,0,1
1774722778,7951.1,DOWN,-1.0,1051,-0.000951,0,2,1,0.0,3,7950.8,7950.7,7950.8,7950.9,1,0
1774722779,7951,DOWN,-1.0,954,-0.001048,0,3,0,-0.0,1,7950.9,7950.8,7950.7,7950.8,0,1
1774722779,7951,DOWN,-1.0,954,-0.001048,0,3,0,-0.0,2,7950.8,7950.7,7950.8,7950.9,1,0
1774722779,7951,DOWN,-1.0,954,-0.001048,0,3,0,-0.0,3,7950.7,7950.8,7950.9,7950.8,1,0
1774722780,7950.9,DOWN,-1.0,1084,-0.000923,0,4,9,0.0,1,7950.8,7950.7,7950.8,7950.9,1,0
1774722780,7950.9,DOWN,-1.0,1084,-0.000923,0,4,9,0.0,2,7950.7,7950.8,7950.9,7950.8,1,0
1774722780,7950.9,DOWN,-1.0,1084,-0.000923,0,4,9,0.0,3,7950.8,7950.9,7950.8,7950.7,0,1
1774722781,7950.8,DOWN,-1.0,919,-0.001088,0,5,8,0.0,1,7950.7,7950.8,7950.9,7950.8,1,0
1774722781,7950.8,DOWN,-1.0,919,-0.001088,0,5,8,0.0,2,7950.8,7950.9,7950.8,7950.7,0,1
1774722781,7950.8,DOWN,-1.0,919,-0.001088,0,5,8,0.0,3,7950.9,7950.8,7950.7,7950.6,0,1
1774722782,7950.7,DOWN,-1.0,1060,-0.000943,0,6,7,-0.0,1,7950.8,7950.9,7950.8,7950.7,0,1
1774722782,7950.7,DOWN,-1.0,1060,-0.000943,0,6,7,-0.0,2,7950.9,7950.8,7950.7,7950.6,0,1
1774722782,7950.7,DOWN,-1.0,1060,-0.000943,0,6,7,-0.0,3,7950.8,7950.7,7950.6,7950.5,0,1
1774722783,7950.8,UP,1.0,942,0.001062,1,0,8,2.0,1,7950.9,7950.8,7950.7,7950.6,0,1
1774722783,7950.8,UP,1.0,942,0.001062,1,0,8,2.0,2,7950.8,7950.7,7950.6,7950.5,0,1
1774722783,7950.8,UP,1.0,942,0.001062,1,0,8,2.0,3,7950.7,7950.6,7950.5,7950.4,0,1
1774722784,7950.9,UP,1.0,1097,0.000912,2,0,9,-0.0,1,7950.8,7950.7,7950.6,7950.5,0,1
1774722784,7950.9,UP,1.0,1097,0.000912,2,0,9,-0.0,2,7950.7,7950.6,7950.5,7950.4,0,1
1774722784,7950.9,UP,1.0,1097,0.000912,2,0,9,-0.0,3,7950.6,7950.5,7950.4,7950.3,0,1
1774722785,7950.8,DOWN,-1.0,899,-0.001112,0,1,8,-2.0,1,7950.7,7950.6,7950.5,7950.4,0,1
1774722785,7950.8,DOWN,-1.0,899,-0.001112,0,1,8,-2.0,2,7950.6,7950.5,7950.4,7950.3,0,1
1774722785,7950.8,DOWN,-1.0,899,-0.001112,0,1,8,-2.0,3,7950.5,7950.4,7950.3,7950.4,0,1
1774722786,7950.7,DOWN,-1.0,1053,-0.000950,0,2,7,-0.0,1,7950.6,7950.5,7950.4,7950.3,0,1
1774722786,7950.7,DOWN,-1.0,1053,-0.000950,0,2,7,-0.0,2,7950.5,7950.4,7950.3,7950.4,0,1
1774722786,7950.7,DOWN,-1.0,1053,-0.000950,0,2,7,-0.0,3,7950.4,7950.3,7950.4,7950.5,1,0
1774722787,7950.6,DOWN,-1.0,974,-0.001027,0,3,6,0.0,1,7950.5,7950.4,7950.3,7950.4,0,1
1774722787,7950.6,DOWN,-1.0,974,-0.001027,0,3,6,0.0,2,7950.4,7950.3,7950.4,7950.5,1,0
1774722787,7950.6,DOWN,-1.0,974,-0.001027,0,3,6,0.0,3,7950.3,7950.4,7950.5,7950.4,1,0
1774722788,7950.5,DOWN,-1.0,1034,-0.000967,0,4,5,-0.0,1,7950.4,7950.3,7950.4,7950.5,1,0
1774722788,7950.5,DOWN,-1.0,1034,-0.000967,0,4,5,-0.0,2,7950.3,7950.4,7950.5,7950.4,1,0
1774722788,7950.5,DOWN,-1.0,1034,-0.000967,0,4,5,-0.0,3,7950.4,7950.5,7950.4,7950.3,0,1
1774722789,7950.4,DOWN,-1.0,944,-0.001059,0,5,4,0.0,1,7950.3,7950.4,7950.5,7950.4,1,0
1774722789,7950.4,DOWN,-1.0,944,-0.001059,0,5,4,0.0,2,7950.4,7950.5,7950.4,7950.3,0,1
1774722789,7950.4,DOWN,-1.0,944,-0.001059,0,5,4,0.0,3,7950.5,7950.4,7950.3,7950.2,0,1
1774722790,7950.3,DOWN,-1.0,1065,-0.000939,0,6,3,0.0,1,7950.4,7950.5,7950.4,7950.3,0,1
1774722790,7950.3,DOWN,-1.0,1065,-0.000939,0,6,3,0.0,2,7950.5,7950.4,7950.3,7950.2,0,1
1774722790,7950.3,DOWN,-1.0,1065,-0.000939,0,6,3,0.0,3,7950.4,7950.3,7950.2,7950.3,0,1
1774722791,7950.4,UP,1.0,937,0.001067,1,0,4,2.0,1,7950.5,7950.4,7950.3,7950.2,0,1
1774722791,7950.4,UP,1.0,937,0.001067,1,0,4,2.0,2,7950.4,7950.3,7950.2,7950.3,0,1
1774722791,7950.4,UP,1.0,937,0.001067,1,0,4,2.0,3,7950.3,7950.2,7950.3,7950.2,0,1
1774722792,7950.5,UP,1.0,1060,0.000943,2,0,5,0.0,1,7950.4,7950.3,7950.2,7950.3,0,1
1774722792,7950.5,UP,1.0,1060,0.000943,2,0,5,0.0,2,7950.3,7950.2,7950.3,7950.2,0,1
1774722792,7950.5,UP,1.0,1060,0.000943,2,0,5,0.0,3,7950.2,7950.3,7950.2,7950.1,0,1
1774722793,7950.4,DOWN,-1.0,929,-0.001076,0,1,4,-2.0,1,7950.3,7950.2,7950.3,7950.2,0,1
1774722793,7950.4,DOWN,-1.0,929,-0.001076,0,1,4,-2.0,2,7950.2,7950.3,7950.2,7950.1,0,1
1774722793,7950.4,DOWN,-1.0,929,-0.001076,0,1,4,-2.0,3,7950.3,7950.2,7950.1,7950,0,1
1774722794,7950.3,DOWN,-1.0,1055,-0.000948,0,2,3,0.0,1,7950.2,7950.3,7950.2,7950.1,0,1
1774722794,7950.3,DOWN,-1.0,1055,-0.000948,0,2,3,0.0,2,7950.3,7950.2,7950.1,7950,0,1
1774722794,7950.3,DOWN,-1.0,1055,-0.000948,0,2,3,0.0,3,7950.2,7950.1,7950,7949.9,0,1
1774722795,7950.2,DOWN,-1.0,938,-0.001066,0,3,2,-0.0,1,7950.3,7950.2,7950.1,7950,0,1
1774722795,7950.2,DOWN,-1.0,938,-0.001066,0,3,2,-0.0,2,7950.2,7950.1,7950,7949.9,0,1
1774722795,7950.2,DOWN,-1.0,938,-0.001066,0,3,2,-0.0,3,7950.1,7950,7949.9,7949.8,0,1
1774722796,7950.3,UP,1.0,1082,0.000924,1,0,3,2.0,1,7950.2,7950.1,7950,7949.9,0,1
1774722796,7950.3,UP,1.0,1082,0.000924,1,0,3,2.0,2,7950.1,7950,7949.9,7949.8,0,1
1774722796,7950.3,UP,1.0,1082,0.000924,1,0,3,2.0,3,7950,7949.9,7949.8,7949.9,0,1
1774722797,7950.2,DOWN,-1.0,922,-0.001085,0,1,2,-2.0,1,7950.1,7950,7949.9,7949.8,0,1
1774722797,7950.2,DOWN,-1.0,922,-0.001085,0,1,2,-2.0,2,7950,7949.9,7949.8,7949.9,0,1
1774722797,7950.2,DOWN,-1.0,922,-0.001085,0,1,2,-2.0,3,7949.9,7949.8,7949.9,7950,1,0
1774722798,7950.1,DOWN,-1.0,1083,-0.000923,0,2,1,0.0,1,7950,7949.9,7949.8,7949.9,0,1
1774722798,7950.1,DOWN,-1.0,1083,-0.000923,0,2,1,0.0,2,7949.9,7949.8,7949.9,7950,1,0
1774722798,7950.1,DOWN,-1.0,1083,-0.000923,0,2,1,0.0,3,7949.8,7949.9,7950,7949.9,1,0
1774722799,7950,DOWN,-1.0,964,-0.001037,0,3,0,-0.0,1,7949.9,7949.8,7949.9,7950,1,0
1774722799,7950,DOWN,-1.0,964,-0.001037,0,3,0,-0.0,2,7949.8,7949.9,7950,7949.9,1,0
1774722799,7950,DOWN,-1.0,964,-0.001037,0,3,0,-0.0,3,7949.9,7950,7949.9,7949.8,0,1
1774722800,7949.9,DOWN,-1.0,1040,-0.000962,0,4,9,0.0,1,7949.8,7949.9,7950,7949.9,1,0
1774722800,7949.9,DOWN,-1.0,1040,-0.000962,0,4,9,0.0,2,7949.9,7950,7949.9,7949.8,0,1
1774722800,7949.9,DOWN,-1.0,1040,-0.000962,0,4,9,0.0,3,7950,7949.9,7949.8,7949.9,0,1
1774722801,7949.8,DOWN,-1.0,926,-0.001080,0,5,8,0.0,1,7949.9,7950,7949.9,7949.8,0,1
1774722801,7949.8,DOWN,-1.0,926,-0.001080,0,5,8,0.0,2,7950,7949.9,7949.8,7949.9,0,1
1774722801,7949.8,DOWN,-1.0,926,-0.001080,0,5,8,0.0,3,7949.9,7949.8,7949.9,7950,1,0
1774722802,7949.9,UP,1.0,1732,0.000577,1,0,9,2.0,1,7950,7949.9,7949.8,7949.9,0,1
1774722802,7949.9,UP,1.0,1732,0.000577,1,0,9,2.0,2,7949.9,7949.8,7949.9,7950,1,0
1774722802,7949.9,UP,1.0,1732,0.000577,1,0,9,2.0,3,7949.8,7949.9,7950,7949.9,1,0
1774722803,7950,UP,1.0,376,0.002660,2,0,0,0.0,1,7949.9,7949.8,7949.9,7950,1,0
1774722803,7950,UP,1.0,376,0.002660,2,0,0,0.0,2,7949.8,7949.9,7950,7949.9,1,0
1774722803,7950,UP,1.0,376,0.002660,2,0,0,0.0,3,7949.9,7950,7949.9,7949.8,0,1
1774722804,7949.9,DOWN,-1.0,1000,-0.001000,0,1,9,-2.0,1,7949.8,7949.9,7950,7949.9,1,0
1774722804,7949.9,DOWN,-1.0,1000,-0.001000,0,1,9,-2.0,2,7949.9,7950,7949.9,7949.8,0,1
1774722804,7949.9,DOWN,-1.0,1000,-0.001000,0,1,9,-2.0,3,7950,7949.9,7949.8,7949.9,0,1
1774722805,7949.8,DOWN,-1.0,943,-0.001060,0,2,8,0.0,1,7949.9,7950,7949.9,7949.8,0,1
1774722805,7949.8,DOWN,-1.0,943,-0.001060,0,2,8,0.0,2,7950,7949.9,7949.8,7949.9,0,1
1774722805,7949.8,DOWN,-1.0,943,-0.001060,0,2,8,0.0,3,7949.9,7949.8,7949.9,7950,1,0
1774722806,7949.9,UP,1.0,1028,0.000973,1,0,9,2.0,1,7950,7949.9,7949.8,7949.9,0,1
1774722806,7949.9,UP,1.0,1028,0.000973,1,0,9,2.0,2,7949.9,7949.8,7949.9,7950,1,0
1774722806,7949.9,UP,1.0,1028,0.000973,1,0,9,2.0,3,7949.8,7949.9,7950,7950.1,1,0
1774722807,7950,UP,1.0,920,0.001087,2,0,0,0.0,1,7949.9,7949.8,7949.9,7950,1,0
1774722807,7950,UP,1.0,920,0.001087,2,0,0,0.0,2,7949.8,7949.9,7950,7950.1,1,0
1774722807,7950,UP,1.0,920,0.001087,2,0,0,0.0,3,7949.9,7950,7950.1,7950,1,0
1774722808,7949.9,DOWN,-1.0,1056,-0.000947,0,1,9,-2.0,1,7949.8,7949.9,7950,7950.1,1,0
1774722808,7949.9,DOWN,-1.0,1056,-0.000947,0,1,9,-2.0,2,7949.9,7950,7950.1,7950,1,0
1774722808,7949.9,DOWN,-1.0,1056,-0.000947,0,1,9,-2.0,3,7950,7950.1,7950,7950.1,1,0
1774722809,7949.8,DOWN,-1.0,1386,-0.000722,0,2,8,0.0,1,7949.9,7950,7950.1,7950,1,0
1774722809,7949.8,DOWN,-1.0,1386,-0.000722,0,2,8,0.0,2,7950,7950.1,7950,7950.1,1,0
1774722809,7949.8,DOWN,-1.0,1386,-0.000722,0,2,8,0.0,3,7950.1,7950,7950.1,7950,0,1
1774722810,7949.9,UP,1.0,626,0.001597,1,0,9,2.0,1,7950,7950.1,7950,7950.1,1,0
1774722810,7949.9,UP,1.0,626,0.001597,1,0,9,2.0,2,7950.1,7950,7950.1,7950,0,1
1774722810,7949.9,UP,1.0,626,0.001597,1,0,9,2.0,3,7950,7950.1,7950,7949.9,0,1
1774722811,7950,UP,1.0,947,0.001056,2,0,0,0.0,1,7950.1,7950,7950.1,7950,0,1
1774722811,7950,UP,1.0,947,0.001056,2,0,0,0.0,2,7950,7950.1,7950,7949.9,0,1
1774722811,7950,UP,1.0,947,0.001056,2,0,0,0.0,3,7950.1,7950,7949.9,7949.8,0,1
1774722812,7950.1,UP,1.0,1056,0.000947,3,0,1,0.0,1,7950,7950.1,7950,7949.9,0,1
1774722812,7950.1,UP,1.0,1056,0.000947,3,0,1,0.0,2,7950.1,7950,7949.9,7949.8,0,1
1774722812,7950.1,UP,1.0,1056,0.000947,3,0,1,0.0,3,7950,7949.9,7949.8,7949.9,0,1
1774722813,7950,DOWN,-1.0,928,-0.001078,0,1,0,-2.0,1,7950.1,7950,7949.9,7949.8,0,1
1774722813,7950,DOWN,-1.0,928,-0.001078,0,1,0,-2.0,2,7950,7949.9,7949.8,7949.9,0,1
1774722813,7950,DOWN,-1.0,928,-0.001078,0,1,0,-2.0,3,7949.9,7949.8,7949.9,7950,1,0
1774722814,7950.1,UP,1.0,1058,0.000945,1,0,1,2.0,1,7950,7949.9,7949.8,7949.9,0,1
1774722814,7950.1,UP,1.0,1058,0.000945,1,0,1,2.0,2,7949.9,7949.8,7949.9,7950,1,0
1774722814,7950.1,UP,1.0,1058,0.000945,1,0,1,2.0,3,7949.8,7949.9,7950,7949.9,1,0
1774722815,7950,DOWN,-1.0,940,-0.001064,0,1,0,-2.0,1,7949.9,7949.8,7949.9,7950,1,0
1774722815,7950,DOWN,-1.0,940,-0.001064,0,1,0,-2.0,2,7949.8,7949.9,7950,7949.9,1,0
1774722815,7950,DOWN,-1.0,940,-0.001064,0,1,0,-2.0,3,7949.9,7950,7949.9,7949.8,0,1
1774722816,7949.9,DOWN,-1.0,1056,-0.000947,0,2,9,0.0,1,7949.8,7949.9,7950,7949.9,1,0
1774722816,7949.9,DOWN,-1.0,1056,-0.000947,0,2,9,0.0,2,7949.9,7950,7949.9,7949.8,0,1
1774722816,7949.9,DOWN,-1.0,1056,-0.000947,0,2,9,0.0,3,7950,7949.9,7949.8,7949.9,0,1
1774722817,7949.8,DOWN,-1.0,948,-0.001055,0,3,8,0.0,1,7949.9,7950,7949.9,7949.8,0,1
1774722817,7949.8,DOWN,-1.0,948,-0.001055,0,3,8,0.0,2,7950,7949.9,7949.8,7949.9,0,1
1774722817,7949.8,DOWN,-1.0,948,-0.001055,0,3,8,0.0,3,7949.9,7949.8,7949.9,7949.8,0,1
1774722818,7949.9,UP,1.0,1053,0.000950,1,0,9,2.0,1,7950,7949.9,7949.8,7949.9,0,1
1774722818,7949.9,UP,1.0,1053,0.000950,1,0,9,2.0,2,7949.9,7949.8,7949.9,7949.8,0,1
1774722818,7949.9,UP,1.0,1053,0.000950,1,0,9,2.0,3,7949.8,7949.9,7949.8,7949.7,0,1
1774722819,7950,UP,1.0,941,0.001063,2,0,0,0.0,1,7949.9,7949.8,7949.9,7949.8,0,1
1774722819,7950,UP,1.0,941,0.001063,2,0,0,0.0,2,7949.8,7949.9,7949.8,7949.7,0,1
1774722819,7950,UP,1.0,941,0.001063,2,0,0,0.0,3,7949.9,7949.8,7949.7,7949.6,0,1
1774722820,7949.9,DOWN,-1.0,1068,-0.000936,0,1,9,-2.0,1,7949.8,7949.9,7949.8,7949.7,0,1
1774722820,7949.9,DOWN,-1.0,1068,-0.000936,0,1,9,-2.0,2,7949.9,7949.8,7949.7,7949.6,0,1
1774722820,7949.9,DOWN,-1.0,1068,-0.000936,0,1,9,-2.0,3,7949.8,7949.7,7949.6,7949.7,0,1
1774722821,7949.8,DOWN,-1.0,932,-0.001073,0,2,8,0.0,1,7949.9,7949.8,7949.7,7949.6,0,1
1774722821,7949.8,DOWN,-1.0,932,-0.001073,0,2,8,0.0,2,7949.8,7949.7,7949.6,7949.7,0,1
1774722821,7949.8,DOWN,-1.0,932,-0.001073,0,2,8,0.0,3,7949.7,7949.6,7949.7,7949.6,0,1
1774722822,7949.9,UP,1.0,1059,0.000944,1,0,9,2.0,1,7949.8,7949.7,7949.6,7949.7,0,1
1774722822,7949.9,UP,1.0,1059,0.000944,1,0,9,2.0,2,7949.7,7949.6,7949.7,7949.6,0,1
1774722822,7949.9,UP,1.0,1059,0.000944,1,0,9,2.0,3,7949.6,7949.7,7949.6,7949.5,0,1
1774722823,7949.8,DOWN,-1.0,935,-0.001070,0,1,8,-2.0,1,7949.7,7949.6,7949.7,7949.6,0,1
1774722823,7949.8,DOWN,-1.0,935,-0.001070,0,1,8,-2.0,2,7949.6,7949.7,7949.6,7949.5,0,1
1774722823,7949.8,DOWN,-1.0,935,-0.001070,0,1,8,-2.0,3,7949.7,7949.6,7949.5,7949.6,0,1
1774722824,7949.7,DOWN,-1.0,1065,-0.000939,0,2,7,-0.0,1,7949.6,7949.7,7949.6,7949.5,0,1
1774722824,7949.7,DOWN,-1.0,1065,-0.000939,0,2,7,-0.0,2,7949.7,7949.6,7949.5,7949.6,0,1
1774722824,7949.7,DOWN,-1.0,1065,-0.000939,0,2,7,-0.0,3,7949.6,7949.5,7949.6,7949.5,0,1
1774722825,7949.6,DOWN,-1.0,951,-0.001052,0,3,6,0.0,1,7949.7,7949.6,7949.5,7949.6,0,1
1774722825,7949.6,DOWN,-1.0,951,-0.001052,0,3,6,0.0,2,7949.6,7949.5,7949.6,7949.5,0,1
1774722825,7949.6,DOWN,-1.0,951,-0.001052,0,3,6,0.0,3,7949.5,7949.6,7949.5,7949.6,1,0
1774722826,7949.7,UP,1.0,1077,0.000929,1,0,7,2.0,1,7949.6,7949.5,7949.6,7949.5,0,1
1774722826,7949.7,UP,1.0,1077,0.000929,1,0,7,2.0,2,7949.5,7949.6,7949.5,7949.6,1,0
1774722826,7949.7,UP,1.0,1077,0.000929,1,0,7,2.0,3,7949.6,7949.5,7949.6,7949.5,0,1
1774722827,7949.6,DOWN,-1.0,915,-0.001093,0,1,6,-2.0,1,7949.5,7949.6,7949.5,7949.6,1,0
1774722827,7949.6,DOWN,-1.0,915,-0.001093,0,1,6,-2.0,2,7949.6,7949.5,7949.6,7949.5,0,1
1774722827,7949.6,DOWN,-1.0,915,-0.001093,0,1,6,-2.0,3,7949.5,7949.6,7949.5,7949.4,0,1
1774722828,7949.5,DOWN,-1.0,1058,-0.000945,0,2,5,-0.0,1,7949.6,7949.5,7949.6,7949.5,0,1
1774722828,7949.5,DOWN,-1.0,1058,-0.000945,0,2,5,-0.0,2,7949.5,7949.6,7949.5,7949.4,0,1
1774722828,7949.5,DOWN,-1.0,1058,-0.000945,0,2,5,-0.0,3,7949.6,7949.5,7949.4,7949.5,0,1
1774722829,7949.6,UP,1.0,942,0.001062,1,0,6,2.0,1,7949.5,7949.6,7949.5,7949.4,0,1
1774722829,7949.6,UP,1.0,942,0.001062,1,0,6,2.0,2,7949.6,7949.5,7949.4,7949.5,0,1
1774722829,7949.6,UP,1.0,942,0.001062,1,0,6,2.0,3,7949.5,7949.4,7949.5,7949.6,1,0
1774722830,7949.5,DOWN,-1.0,1058,-0.000945,0,1,5,-2.0,1,7949.6,7949.5,7949.4,7949.5,0,1
1774722830,7949.5,DOWN,-1.0,1058,-0.000945,0,1,5,-2.0,2,7949.5,7949.4,7949.5,7949.6,1,0
1774722830,7949.5,DOWN,-1.0,1058,-0.000945,0,1,5,-2.0,3,7949.4,7949.5,7949.6,7949.7,1,0
1774722831,7949.6,UP,1.0,943,0.001060,1,0,6,2.0,1,7949.5,7949.4,7949.5,7949.6,1,0
1774722831,7949.6,UP,1.0,943,0.001060,1,0,6,2.0,2,7949.4,7949.5,7949.6,7949.7,1,0
1774722831,7949.6,UP,1.0,943,0.001060,1,0,6,2.0,3,7949.5,7949.6,7949.7,7949.8,1,0
1774722832,7949.5,DOWN,-1.0,1052,-0.000951,0,1,5,-2.0,1,7949.4,7949.5,7949.6,7949.7,1,0
1774722832,7949.5,DOWN,-1.0,1052,-0.000951,0,1,5,-2.0,2,7949.5,7949.6,7949.7,7949.8,1,0
1774722832,7949.5,DOWN,-1.0,1052,-0.000951,0,1,5,-2.0,3,7949.6,7949.7,7949.8,7949.7,1,0
1774722833,7949.4,DOWN,-1.0,949,-0.001054,0,2,4,0.0,1,7949.5,7949.6,7949.7,7949.8,1,0
1774722833,7949.4,DOWN,-1.0,949,-0.001054,0,2,4,0.0,2,7949.6,7949.7,7949.8,7949.7,1,0
1774722833,7949.4,DOWN,-1.0,949,-0.001054,0,2,4,0.0,3,7949.7,7949.8,7949.7,7949.8,1,0
1774722834,7949.5,UP,1.0,1057,0.000946,1,0,5,2.0,1,7949.6,7949.7,7949.8,7949.7,1,0
1774722834,7949.5,UP,1.0,1057,0.000946,1,0,5,2.0,2,7949.7,7949.8,7949.7,7949.8,1,0
1774722834,7949.5,UP,1.0,1057,0.000946,1,0,5,2.0,3,7949.8,7949.7,7949.8,7949.9,1,0
1774722835,7949.6,UP,1.0,939,0.001065,2,0,6,0.0,1,7949.7,7949.8,7949.7,7949.8,1,0
1774722835,7949.6,UP,1.0,939,0.001065,2,0,6,0.0,2,7949.8,7949.7,7949.8,7949.9,1,0
1774722835,7949.6,UP,1.0,939,0.001065,2,0,6,0.0,3,7949.7,7949.8,7949.9,7950,1,0
1774722836,7949.7,UP,1.0,1057,0.000946,3,0,7,-0.0,1,7949.8,7949.7,7949.8,7949.9,1,0
1774722836,7949.7,UP,1.0,1057,0.000946,3,0,7,-0.0,2,7949.7,7949.8,7949.9,7950,1,0
1774722836,7949.7,UP,1.0,1057,0.000946,3,0,7,-0.0,3,7949.8,7949.9,7950,7950.1,1,0
1774722837,7949.8,UP,1.0,983,0.001017,4,0,8,0.0,1,7949.7,7949.8,7949.9,7950,1,0
1774722837,7949.8,UP,1.0,983,0.001017,4,0,8,0.0,2,7949.8,7949.9,7950,7950.1,1,0
1774722837,7949.8,UP,1.0,983,0.001017,4,0,8,0.0,3,7949.9,7950,7950.1,7950,1,0